[{"model": "admin.logentry", "pk": 1, "fields": {"action_time": "2022-05-22T13:48:27.014Z", "user": 1, "content_type": 14, "object_id": "1", "object_repr": "Category object (1)", "action_flag": 1, "change_message": "[{\"added\": {}}]"}}, {"model": "admin.logentry", "pk": 2, "fields": {"action_time": "2022-05-22T13:53:47.061Z", "user": 1, "content_type": 14, "object_id": "1", "object_repr": "Category object (1)", "action_flag": 2, "change_message": "[{\"changed\": {\"fields\": [\"Image\"]}}]"}}, {"model": "admin.logentry", "pk": 3, "fields": {"action_time": "2022-05-22T14:05:04.292Z", "user": 1, "content_type": 14, "object_id": "1", "object_repr": "Category object (1)", "action_flag": 2, "change_message": "[{\"changed\": {\"fields\": [\"Image\"]}}]"}}, {"model": "admin.logentry", "pk": 4, "fields": {"action_time": "2022-05-22T14:07:51.433Z", "user": 1, "content_type": 14, "object_id": "1", "object_repr": "Category object (1)", "action_flag": 2, "change_message": "[{\"changed\": {\"fields\": [\"Name\"]}}]"}}, {"model": "admin.logentry", "pk": 5, "fields": {"action_time": "2022-05-22T14:08:52.301Z", "user": 1, "content_type": 14, "object_id": "1", "object_repr": "Category object (1)", "action_flag": 2, "change_message": "[{\"changed\": {\"fields\": [\"Name\", \"Friendly name\"]}}]"}}, {"model": "admin.logentry", "pk": 6, "fields": {"action_time": "2022-05-22T14:17:29.706Z", "user": 1, "content_type": 14, "object_id": "2", "object_repr": "Category object (2)", "action_flag": 1, "change_message": "[{\"added\": {}}]"}}, {"model": "admin.logentry", "pk": 7, "fields": {"action_time": "2022-05-22T14:32:15.017Z", "user": 1, "content_type": 13, "object_id": "1", "object_repr": "Lettuce salad", "action_flag": 1, "change_message": "[{\"added\": {}}]"}}, {"model": "admin.logentry", "pk": 8, "fields": {"action_time": "2022-05-22T14:33:15.046Z", "user": 1, "content_type": 14, "object_id": "2", "object_repr": "Category object (2)", "action_flag": 2, "change_message": "[]"}}, {"model": "admin.logentry", "pk": 9, "fields": {"action_time": "2022-05-22T16:11:23.771Z", "user": 1, "content_type": 13, "object_id": "1", "object_repr": "Lettuce salad", "action_flag": 2, "change_message": "[{\"changed\": {\"fields\": [\"Image\"]}}]"}}, {"model": "admin.logentry", "pk": 10, "fields": {"action_time": "2022-05-23T10:38:19.373Z", "user": 1, "content_type": 13, "object_id": "2", "object_repr": "Egg tomato salad", "action_flag": 1, "change_message": "[{\"added\": {}}]"}}, {"model": "admin.logentry", "pk": 11, "fields": {"action_time": "2022-05-23T10:49:16.989Z", "user": 1, "content_type": 13, "object_id": "3", "object_repr": "Chicken creamy pennes", "action_flag": 1, "change_message": "[{\"added\": {}}]"}}, {"model": "admin.logentry", "pk": 12, "fields": {"action_time": "2022-05-23T10:57:38.760Z", "user": 1, "content_type": 13, "object_id": "4", "object_repr": "Pesto Tortellini", "action_flag": 1, "change_message": "[{\"added\": {}}]"}}, {"model": "admin.logentry", "pk": 13, "fields": {"action_time": "2022-05-23T10:59:44.998Z", "user": 1, "content_type": 13, "object_id": "4", "object_repr": "Pesto Farfalle", "action_flag": 2, "change_message": "[{\"changed\": {\"fields\": [\"Name\", \"Description\"]}}]"}}, {"model": "admin.logentry", "pk": 14, "fields": {"action_time": "2022-05-23T11:12:01.056Z", "user": 1, "content_type": 13, "object_id": "3", "object_repr": "Chicken creamy pennes", "action_flag": 2, "change_message": "[{\"changed\": {\"fields\": [\"Category\"]}}]"}}, {"model": "admin.logentry", "pk": 15, "fields": {"action_time": "2022-05-23T11:32:33.963Z", "user": 1, "content_type": 14, "object_id": "1", "object_repr": "salads", "action_flag": 2, "change_message": "[]"}}, {"model": "admin.logentry", "pk": 16, "fields": {"action_time": "2022-05-24T20:09:20.746Z", "user": 1, "content_type": 14, "object_id": "3", "object_repr": "fresh_soups", "action_flag": 1, "change_message": "[{\"added\": {}}]"}}, {"model": "admin.logentry", "pk": 17, "fields": {"action_time": "2022-05-24T20:10:44.568Z", "user": 1, "content_type": 13, "object_id": "3", "object_repr": "Chicken creamy pennes", "action_flag": 2, "change_message": "[{\"changed\": {\"fields\": [\"Sku\"]}}]"}}, {"model": "admin.logentry", "pk": 18, "fields": {"action_time": "2022-05-24T20:25:52.399Z", "user": 1, "content_type": 13, "object_id": "5", "object_repr": "Fresh seafood soup", "action_flag": 1, "change_message": "[{\"added\": {}}]"}}, {"model": "admin.logentry", "pk": 19, "fields": {"action_time": "2022-05-24T20:33:39.103Z", "user": 1, "content_type": 13, "object_id": "6", "object_repr": "Indonesian Free-Range Chicken Soup", "action_flag": 1, "change_message": "[{\"added\": {}}]"}}, {"model": "admin.logentry", "pk": 20, "fields": {"action_time": "2022-05-24T20:40:03.636Z", "user": 1, "content_type": 13, "object_id": "7", "object_repr": "Organic Miso and Ginger Broth", "action_flag": 1, "change_message": "[{\"added\": {}}]"}}, {"model": "admin.logentry", "pk": 21, "fields": {"action_time": "2022-05-24T20:47:08.691Z", "user": 1, "content_type": 13, "object_id": "8", "object_repr": "Caesar Salad with Chicken", "action_flag": 1, "change_message": "[{\"added\": {}}]"}}, {"model": "admin.logentry", "pk": 22, "fields": {"action_time": "2022-05-25T07:17:37.537Z", "user": 1, "content_type": 13, "object_id": "4", "object_repr": "Pesto Farfalle", "action_flag": 2, "change_message": "[{\"changed\": {\"fields\": [\"Description\"]}}]"}}, {"model": "admin.logentry", "pk": 23, "fields": {"action_time": "2022-05-25T07:27:01.594Z", "user": 1, "content_type": 13, "object_id": "1", "object_repr": "Lettuce salad", "action_flag": 2, "change_message": "[{\"changed\": {\"fields\": [\"Calories\"]}}]"}}, {"model": "admin.logentry", "pk": 24, "fields": {"action_time": "2022-05-25T07:27:39.283Z", "user": 1, "content_type": 13, "object_id": "2", "object_repr": "Egg tomato salad", "action_flag": 2, "change_message": "[{\"changed\": {\"fields\": [\"Calories\"]}}]"}}, {"model": "admin.logentry", "pk": 25, "fields": {"action_time": "2022-05-25T07:27:49.287Z", "user": 1, "content_type": 13, "object_id": "8", "object_repr": "Caesar Salad with Chicken", "action_flag": 2, "change_message": "[{\"changed\": {\"fields\": [\"Calories\"]}}]"}}, {"model": "admin.logentry", "pk": 26, "fields": {"action_time": "2022-05-25T07:27:58.763Z", "user": 1, "content_type": 13, "object_id": "4", "object_repr": "Pesto Farfalle", "action_flag": 2, "change_message": "[{\"changed\": {\"fields\": [\"Calories\"]}}]"}}, {"model": "admin.logentry", "pk": 27, "fields": {"action_time": "2022-05-25T07:30:49.379Z", "user": 1, "content_type": 13, "object_id": "3", "object_repr": "Chicken creamy pennes", "action_flag": 2, "change_message": "[{\"changed\": {\"fields\": [\"Calories\"]}}]"}}, {"model": "admin.logentry", "pk": 28, "fields": {"action_time": "2022-05-25T07:31:04.886Z", "user": 1, "content_type": 13, "object_id": "5", "object_repr": "Fresh seafood soup", "action_flag": 2, "change_message": "[{\"changed\": {\"fields\": [\"Calories\"]}}]"}}, {"model": "admin.logentry", "pk": 29, "fields": {"action_time": "2022-05-25T07:31:20.906Z", "user": 1, "content_type": 13, "object_id": "6", "object_repr": "Indonesian Free-Range Chicken Soup", "action_flag": 2, "change_message": "[{\"changed\": {\"fields\": [\"Calories\"]}}]"}}, {"model": "admin.logentry", "pk": 30, "fields": {"action_time": "2022-05-25T07:31:34.801Z", "user": 1, "content_type": 13, "object_id": "7", "object_repr": "Organic Miso and Ginger Broth", "action_flag": 2, "change_message": "[{\"changed\": {\"fields\": [\"Calories\"]}}]"}}, {"model": "admin.logentry", "pk": 31, "fields": {"action_time": "2022-05-25T11:11:04.334Z", "user": 1, "content_type": 13, "object_id": "6", "object_repr": "Indonesian Free-Range Chicken Soup", "action_flag": 2, "change_message": "[{\"changed\": {\"fields\": [\"Is spicy\"]}}]"}}, {"model": "admin.logentry", "pk": 32, "fields": {"action_time": "2022-05-25T11:11:16.589Z", "user": 1, "content_type": 13, "object_id": "6", "object_repr": "Indonesian Free-Range Chicken Soup", "action_flag": 2, "change_message": "[]"}}, {"model": "admin.logentry", "pk": 33, "fields": {"action_time": "2022-05-25T11:11:32.660Z", "user": 1, "content_type": 13, "object_id": "1", "object_repr": "Lettuce salad", "action_flag": 2, "change_message": "[{\"changed\": {\"fields\": [\"Is spicy\"]}}]"}}, {"model": "admin.logentry", "pk": 34, "fields": {"action_time": "2022-05-25T11:12:36.546Z", "user": 1, "content_type": 13, "object_id": "3", "object_repr": "Chicken creamy pennes", "action_flag": 2, "change_message": "[{\"changed\": {\"fields\": [\"Is spicy\"]}}]"}}, {"model": "admin.logentry", "pk": 35, "fields": {"action_time": "2022-05-25T20:29:57.027Z", "user": 1, "content_type": 13, "object_id": "9", "object_repr": "Yellow Minestrone Soup", "action_flag": 1, "change_message": "[{\"added\": {}}]"}}, {"model": "admin.logentry", "pk": 36, "fields": {"action_time": "2022-05-25T20:30:15.334Z", "user": 1, "content_type": 13, "object_id": "9", "object_repr": "Yellow Minestrone Soup", "action_flag": 2, "change_message": "[{\"changed\": {\"fields\": [\"Image\"]}}]"}}, {"model": "admin.logentry", "pk": 37, "fields": {"action_time": "2022-05-25T20:30:31.338Z", "user": 1, "content_type": 13, "object_id": "9", "object_repr": "Yellow Minestrone Soup", "action_flag": 2, "change_message": "[{\"changed\": {\"fields\": [\"Sku\"]}}]"}}, {"model": "admin.logentry", "pk": 38, "fields": {"action_time": "2022-05-25T20:40:02.786Z", "user": 1, "content_type": 13, "object_id": "10", "object_repr": "Organic Miso Broth with Mushroom, Seaweed & Edamame", "action_flag": 1, "change_message": "[{\"added\": {}}]"}}, {"model": "admin.logentry", "pk": 39, "fields": {"action_time": "2022-05-25T21:18:24.811Z", "user": 1, "content_type": 13, "object_id": "11", "object_repr": "The Vegan Work From Home Bundle", "action_flag": 1, "change_message": "[{\"added\": {}}]"}}, {"model": "admin.logentry", "pk": 40, "fields": {"action_time": "2022-05-26T07:41:39.484Z", "user": 1, "content_type": 13, "object_id": "11", "object_repr": "The Vegan Work From Home Bundle", "action_flag": 2, "change_message": "[{\"changed\": {\"fields\": [\"Description\"]}}]"}}, {"model": "admin.logentry", "pk": 41, "fields": {"action_time": "2022-05-26T12:33:03.060Z", "user": 1, "content_type": 14, "object_id": "3", "object_repr": "fresh_soups", "action_flag": 2, "change_message": "[{\"changed\": {\"fields\": [\"Image\"]}}]"}}, {"model": "admin.logentry", "pk": 42, "fields": {"action_time": "2022-05-27T20:41:15.501Z", "user": 1, "content_type": 13, "object_id": "12", "object_repr": "Cobb Salad", "action_flag": 1, "change_message": "[{\"added\": {}}]"}}, {"model": "admin.logentry", "pk": 43, "fields": {"action_time": "2022-05-27T20:51:00.603Z", "user": 1, "content_type": 13, "object_id": "13", "object_repr": "Greek Salad", "action_flag": 1, "change_message": "[{\"added\": {}}]"}}, {"model": "admin.logentry", "pk": 44, "fields": {"action_time": "2022-05-27T20:51:19.967Z", "user": 1, "content_type": 13, "object_id": "12", "object_repr": "Cobb Salad", "action_flag": 2, "change_message": "[{\"changed\": {\"fields\": [\"Image\"]}}]"}}, {"model": "admin.logentry", "pk": 45, "fields": {"action_time": "2022-05-27T21:06:08.406Z", "user": 1, "content_type": 13, "object_id": "14", "object_repr": "Zucchini Fever Salad", "action_flag": 1, "change_message": "[{\"added\": {}}]"}}, {"model": "admin.logentry", "pk": 46, "fields": {"action_time": "2022-05-27T21:15:15.883Z", "user": 1, "content_type": 13, "object_id": "15", "object_repr": "Lobster Italian Pasta", "action_flag": 1, "change_message": "[{\"added\": {}}]"}}, {"model": "admin.logentry", "pk": 47, "fields": {"action_time": "2022-05-27T21:16:02.050Z", "user": 1, "content_type": 13, "object_id": "15", "object_repr": "Lobster Italian Pasta", "action_flag": 2, "change_message": "[{\"changed\": {\"fields\": [\"Sku\"]}}]"}}, {"model": "admin.logentry", "pk": 48, "fields": {"action_time": "2022-05-27T21:16:24.307Z", "user": 1, "content_type": 13, "object_id": "15", "object_repr": "Lobster Italian Pasta", "action_flag": 2, "change_message": "[{\"changed\": {\"fields\": [\"Sku\"]}}]"}}, {"model": "admin.logentry", "pk": 49, "fields": {"action_time": "2022-05-27T21:23:07.917Z", "user": 1, "content_type": 13, "object_id": "16", "object_repr": "Black Olives Pasta", "action_flag": 1, "change_message": "[{\"added\": {}}]"}}, {"model": "admin.logentry", "pk": 50, "fields": {"action_time": "2022-05-31T17:53:31.974Z", "user": 1, "content_type": 14, "object_id": "4", "object_repr": "fresh_smoothies", "action_flag": 1, "change_message": "[{\"added\": {}}]"}}, {"model": "admin.logentry", "pk": 51, "fields": {"action_time": "2022-05-31T17:57:33.849Z", "user": 1, "content_type": 13, "object_id": "17", "object_repr": "Straberry Passion", "action_flag": 1, "change_message": "[{\"added\": {}}]"}}, {"model": "admin.logentry", "pk": 52, "fields": {"action_time": "2022-05-31T17:57:49.952Z", "user": 1, "content_type": 13, "object_id": "17", "object_repr": "Straberry Passion", "action_flag": 2, "change_message": "[{\"changed\": {\"fields\": [\"Image\"]}}]"}}, {"model": "admin.logentry", "pk": 53, "fields": {"action_time": "2022-05-31T17:59:19.593Z", "user": 1, "content_type": 13, "object_id": "18", "object_repr": "Strawberry Banana", "action_flag": 1, "change_message": "[{\"added\": {}}]"}}, {"model": "admin.logentry", "pk": 54, "fields": {"action_time": "2022-05-31T17:59:33.636Z", "user": 1, "content_type": 13, "object_id": "16", "object_repr": "Black Olives Pasta", "action_flag": 2, "change_message": "[{\"changed\": {\"fields\": [\"Sku\"]}}]"}}, {"model": "admin.logentry", "pk": 55, "fields": {"action_time": "2022-05-31T17:59:59.431Z", "user": 1, "content_type": 13, "object_id": "17", "object_repr": "Straberry Passion", "action_flag": 2, "change_message": "[{\"changed\": {\"fields\": [\"Sku\"]}}]"}}, {"model": "admin.logentry", "pk": 56, "fields": {"action_time": "2022-05-31T18:02:57.770Z", "user": 1, "content_type": 13, "object_id": "19", "object_repr": "Cucumber Paradise", "action_flag": 1, "change_message": "[{\"added\": {}}]"}}, {"model": "admin.logentry", "pk": 57, "fields": {"action_time": "2022-05-31T18:03:59.738Z", "user": 1, "content_type": 13, "object_id": "18", "object_repr": "Strawberry Banana", "action_flag": 2, "change_message": "[{\"changed\": {\"fields\": [\"Calories\"]}}]"}}, {"model": "admin.logentry", "pk": 58, "fields": {"action_time": "2022-05-31T18:16:27.992Z", "user": 1, "content_type": 13, "object_id": "20", "object_repr": "Sunrise Smoothie", "action_flag": 1, "change_message": "[{\"added\": {}}]"}}, {"model": "admin.logentry", "pk": 59, "fields": {"action_time": "2022-05-31T18:18:30.179Z", "user": 1, "content_type": 13, "object_id": "19", "object_repr": "Cucumber Paradise", "action_flag": 2, "change_message": "[{\"changed\": {\"fields\": [\"Sku\"]}}]"}}, {"model": "admin.logentry", "pk": 60, "fields": {"action_time": "2022-05-31T18:20:21.794Z", "user": 1, "content_type": 13, "object_id": "21", "object_repr": "Avocado Sky", "action_flag": 1, "change_message": "[{\"added\": {}}]"}}, {"model": "admin.logentry", "pk": 61, "fields": {"action_time": "2022-05-31T18:23:47.170Z", "user": 1, "content_type": 13, "object_id": "15", "object_repr": "Lobster Italian Pasta", "action_flag": 2, "change_message": "[{\"changed\": {\"fields\": [\"Sku\"]}}]"}}, {"model": "admin.logentry", "pk": 62, "fields": {"action_time": "2022-05-31T18:31:47.698Z", "user": 1, "content_type": 13, "object_id": "22", "object_repr": "Spaghetti Bolognese", "action_flag": 1, "change_message": "[{\"added\": {}}]"}}, {"model": "admin.logentry", "pk": 63, "fields": {"action_time": "2022-05-31T18:33:29.037Z", "user": 1, "content_type": 13, "object_id": "22", "object_repr": "Spaghetti Bolognese", "action_flag": 2, "change_message": "[{\"changed\": {\"fields\": [\"Description\"]}}]"}}, {"model": "admin.logentry", "pk": 64, "fields": {"action_time": "2022-05-31T18:45:10.110Z", "user": 1, "content_type": 13, "object_id": "23", "object_repr": "Tomato Basil Sauce Pasta", "action_flag": 1, "change_message": "[{\"added\": {}}]"}}, {"model": "admin.logentry", "pk": 65, "fields": {"action_time": "2022-06-03T10:41:49.253Z", "user": 1, "content_type": 14, "object_id": "4", "object_repr": "fresh_smoothies", "action_flag": 2, "change_message": "[{\"changed\": {\"fields\": [\"Image\"]}}]"}}, {"model": "admin.logentry", "pk": 66, "fields": {"action_time": "2022-06-03T10:42:33.945Z", "user": 1, "content_type": 14, "object_id": "4", "object_repr": "fresh_smoothies", "action_flag": 2, "change_message": "[{\"changed\": {\"fields\": [\"Image\"]}}]"}}, {"model": "admin.logentry", "pk": 67, "fields": {"action_time": "2022-06-03T10:43:38.976Z", "user": 1, "content_type": 14, "object_id": "4", "object_repr": "fresh_smoothies", "action_flag": 2, "change_message": "[{\"changed\": {\"fields\": [\"Image\"]}}]"}}, {"model": "admin.logentry", "pk": 68, "fields": {"action_time": "2022-06-08T11:33:10.428Z", "user": 1, "content_type": 13, "object_id": "5", "object_repr": "Fresh seafood soup", "action_flag": 2, "change_message": "[{\"changed\": {\"fields\": [\"Label\"]}}]"}}, {"model": "admin.logentry", "pk": 69, "fields": {"action_time": "2022-06-08T11:33:19.819Z", "user": 1, "content_type": 13, "object_id": "1", "object_repr": "Lettuce salad", "action_flag": 2, "change_message": "[{\"changed\": {\"fields\": [\"Label\"]}}]"}}, {"model": "admin.logentry", "pk": 70, "fields": {"action_time": "2022-06-14T10:20:32.475Z", "user": 3, "content_type": 4, "object_id": "2", "object_repr": "konsta", "action_flag": 3, "change_message": ""}}, {"model": "auth.permission", "pk": 1, "fields": {"name": "Can add log entry", "content_type": 1, "codename": "add_logentry"}}, {"model": "auth.permission", "pk": 2, "fields": {"name": "Can change log entry", "content_type": 1, "codename": "change_logentry"}}, {"model": "auth.permission", "pk": 3, "fields": {"name": "Can delete log entry", "content_type": 1, "codename": "delete_logentry"}}, {"model": "auth.permission", "pk": 4, "fields": {"name": "Can view log entry", "content_type": 1, "codename": "view_logentry"}}, {"model": "auth.permission", "pk": 5, "fields": {"name": "Can add permission", "content_type": 2, "codename": "add_permission"}}, {"model": "auth.permission", "pk": 6, "fields": {"name": "Can change permission", "content_type": 2, "codename": "change_permission"}}, {"model": "auth.permission", "pk": 7, "fields": {"name": "Can delete permission", "content_type": 2, "codename": "delete_permission"}}, {"model": "auth.permission", "pk": 8, "fields": {"name": "Can view permission", "content_type": 2, "codename": "view_permission"}}, {"model": "auth.permission", "pk": 9, "fields": {"name": "Can add group", "content_type": 3, "codename": "add_group"}}, {"model": "auth.permission", "pk": 10, "fields": {"name": "Can change group", "content_type": 3, "codename": "change_group"}}, {"model": "auth.permission", "pk": 11, "fields": {"name": "Can delete group", "content_type": 3, "codename": "delete_group"}}, {"model": "auth.permission", "pk": 12, "fields": {"name": "Can view group", "content_type": 3, "codename": "view_group"}}, {"model": "auth.permission", "pk": 13, "fields": {"name": "Can add user", "content_type": 4, "codename": "add_user"}}, {"model": "auth.permission", "pk": 14, "fields": {"name": "Can change user", "content_type": 4, "codename": "change_user"}}, {"model": "auth.permission", "pk": 15, "fields": {"name": "Can delete user", "content_type": 4, "codename": "delete_user"}}, {"model": "auth.permission", "pk": 16, "fields": {"name": "Can view user", "content_type": 4, "codename": "view_user"}}, {"model": "auth.permission", "pk": 17, "fields": {"name": "Can add content type", "content_type": 5, "codename": "add_contenttype"}}, {"model": "auth.permission", "pk": 18, "fields": {"name": "Can change content type", "content_type": 5, "codename": "change_contenttype"}}, {"model": "auth.permission", "pk": 19, "fields": {"name": "Can delete content type", "content_type": 5, "codename": "delete_contenttype"}}, {"model": "auth.permission", "pk": 20, "fields": {"name": "Can view content type", "content_type": 5, "codename": "view_contenttype"}}, {"model": "auth.permission", "pk": 21, "fields": {"name": "Can add session", "content_type": 6, "codename": "add_session"}}, {"model": "auth.permission", "pk": 22, "fields": {"name": "Can change session", "content_type": 6, "codename": "change_session"}}, {"model": "auth.permission", "pk": 23, "fields": {"name": "Can delete session", "content_type": 6, "codename": "delete_session"}}, {"model": "auth.permission", "pk": 24, "fields": {"name": "Can view session", "content_type": 6, "codename": "view_session"}}, {"model": "auth.permission", "pk": 25, "fields": {"name": "Can add site", "content_type": 7, "codename": "add_site"}}, {"model": "auth.permission", "pk": 26, "fields": {"name": "Can change site", "content_type": 7, "codename": "change_site"}}, {"model": "auth.permission", "pk": 27, "fields": {"name": "Can delete site", "content_type": 7, "codename": "delete_site"}}, {"model": "auth.permission", "pk": 28, "fields": {"name": "Can view site", "content_type": 7, "codename": "view_site"}}, {"model": "auth.permission", "pk": 29, "fields": {"name": "Can add email address", "content_type": 8, "codename": "add_emailaddress"}}, {"model": "auth.permission", "pk": 30, "fields": {"name": "Can change email address", "content_type": 8, "codename": "change_emailaddress"}}, {"model": "auth.permission", "pk": 31, "fields": {"name": "Can delete email address", "content_type": 8, "codename": "delete_emailaddress"}}, {"model": "auth.permission", "pk": 32, "fields": {"name": "Can view email address", "content_type": 8, "codename": "view_emailaddress"}}, {"model": "auth.permission", "pk": 33, "fields": {"name": "Can add email confirmation", "content_type": 9, "codename": "add_emailconfirmation"}}, {"model": "auth.permission", "pk": 34, "fields": {"name": "Can change email confirmation", "content_type": 9, "codename": "change_emailconfirmation"}}, {"model": "auth.permission", "pk": 35, "fields": {"name": "Can delete email confirmation", "content_type": 9, "codename": "delete_emailconfirmation"}}, {"model": "auth.permission", "pk": 36, "fields": {"name": "Can view email confirmation", "content_type": 9, "codename": "view_emailconfirmation"}}, {"model": "auth.permission", "pk": 37, "fields": {"name": "Can add social account", "content_type": 10, "codename": "add_socialaccount"}}, {"model": "auth.permission", "pk": 38, "fields": {"name": "Can change social account", "content_type": 10, "codename": "change_socialaccount"}}, {"model": "auth.permission", "pk": 39, "fields": {"name": "Can delete social account", "content_type": 10, "codename": "delete_socialaccount"}}, {"model": "auth.permission", "pk": 40, "fields": {"name": "Can view social account", "content_type": 10, "codename": "view_socialaccount"}}, {"model": "auth.permission", "pk": 41, "fields": {"name": "Can add social application", "content_type": 11, "codename": "add_socialapp"}}, {"model": "auth.permission", "pk": 42, "fields": {"name": "Can change social application", "content_type": 11, "codename": "change_socialapp"}}, {"model": "auth.permission", "pk": 43, "fields": {"name": "Can delete social application", "content_type": 11, "codename": "delete_socialapp"}}, {"model": "auth.permission", "pk": 44, "fields": {"name": "Can view social application", "content_type": 11, "codename": "view_socialapp"}}, {"model": "auth.permission", "pk": 45, "fields": {"name": "Can add social application token", "content_type": 12, "codename": "add_socialtoken"}}, {"model": "auth.permission", "pk": 46, "fields": {"name": "Can change social application token", "content_type": 12, "codename": "change_socialtoken"}}, {"model": "auth.permission", "pk": 47, "fields": {"name": "Can delete social application token", "content_type": 12, "codename": "delete_socialtoken"}}, {"model": "auth.permission", "pk": 48, "fields": {"name": "Can view social application token", "content_type": 12, "codename": "view_socialtoken"}}, {"model": "auth.permission", "pk": 49, "fields": {"name": "Can add product", "content_type": 13, "codename": "add_product"}}, {"model": "auth.permission", "pk": 50, "fields": {"name": "Can change product", "content_type": 13, "codename": "change_product"}}, {"model": "auth.permission", "pk": 51, "fields": {"name": "Can delete product", "content_type": 13, "codename": "delete_product"}}, {"model": "auth.permission", "pk": 52, "fields": {"name": "Can view product", "content_type": 13, "codename": "view_product"}}, {"model": "auth.permission", "pk": 53, "fields": {"name": "Can add category", "content_type": 14, "codename": "add_category"}}, {"model": "auth.permission", "pk": 54, "fields": {"name": "Can change category", "content_type": 14, "codename": "change_category"}}, {"model": "auth.permission", "pk": 55, "fields": {"name": "Can delete category", "content_type": 14, "codename": "delete_category"}}, {"model": "auth.permission", "pk": 56, "fields": {"name": "Can view category", "content_type": 14, "codename": "view_category"}}, {"model": "auth.permission", "pk": 57, "fields": {"name": "Can add order line item", "content_type": 15, "codename": "add_orderlineitem"}}, {"model": "auth.permission", "pk": 58, "fields": {"name": "Can change order line item", "content_type": 15, "codename": "change_orderlineitem"}}, {"model": "auth.permission", "pk": 59, "fields": {"name": "Can delete order line item", "content_type": 15, "codename": "delete_orderlineitem"}}, {"model": "auth.permission", "pk": 60, "fields": {"name": "Can view order line item", "content_type": 15, "codename": "view_orderlineitem"}}, {"model": "auth.permission", "pk": 61, "fields": {"name": "Can add order", "content_type": 16, "codename": "add_order"}}, {"model": "auth.permission", "pk": 62, "fields": {"name": "Can change order", "content_type": 16, "codename": "change_order"}}, {"model": "auth.permission", "pk": 63, "fields": {"name": "Can delete order", "content_type": 16, "codename": "delete_order"}}, {"model": "auth.permission", "pk": 64, "fields": {"name": "Can view order", "content_type": 16, "codename": "view_order"}}, {"model": "auth.permission", "pk": 65, "fields": {"name": "Can add user profile", "content_type": 17, "codename": "add_userprofile"}}, {"model": "auth.permission", "pk": 66, "fields": {"name": "Can change user profile", "content_type": 17, "codename": "change_userprofile"}}, {"model": "auth.permission", "pk": 67, "fields": {"name": "Can delete user profile", "content_type": 17, "codename": "delete_userprofile"}}, {"model": "auth.permission", "pk": 68, "fields": {"name": "Can view user profile", "content_type": 17, "codename": "view_userprofile"}}, {"model": "auth.user", "pk": 1, "fields": {"password": "pbkdf2_sha256$260000$0y1EzoSfEvCcvHWeeJ31N0$ZNfy0X/9Vq+tD3xy8Ahc7AVenIshT/UllxDC51seLdw=", "last_login": "2022-06-14T10:16:46.059Z", "is_superuser": true, "username": "konstantina", "first_name": "", "last_name": "", "email": "konstrantz@gmail.com", "is_staff": true, "is_active": true, "date_joined": "2022-05-21T08:30:57.593Z", "groups": [], "user_permissions": []}}, {"model": "auth.user", "pk": 3, "fields": {"password": "pbkdf2_sha256$260000$bo6e2SEFF515fMuBnC160l$YnKE+yxPDV8fRRz3eehxOv9ogMGCf8uqBK8SRjhksDY=", "last_login": "2022-06-14T10:19:57.069Z", "is_superuser": true, "username": "admin", "first_name": "", "last_name": "", "email": "konstrantz@gmail.com", "is_staff": true, "is_active": true, "date_joined": "2022-06-14T10:19:03.362Z", "groups": [], "user_permissions": []}}, {"model": "auth.user", "pk": 4, "fields": {"password": "pbkdf2_sha256$260000$9ikpWqVRKkGZ2Jg9QAm98D$kwpep/+bGc53zdIwffHeQ1Da6fL20xDp1zNnNHu+yYo=", "last_login": "2022-06-14T10:23:16.056Z", "is_superuser": false, "username": "ntina", "first_name": "", "last_name": "", "email": "konst@gmail.com", "is_staff": false, "is_active": true, "date_joined": "2022-06-14T10:22:14.328Z", "groups": [], "user_permissions": []}}, {"model": "auth.user", "pk": 5, "fields": {"password": "pbkdf2_sha256$260000$7jJ2SWzcDyNTwyYDXlabVG$dZVOaa6CPzY3aJFrhAIsxNZv4heDPyl0n4fMfcXqWio=", "last_login": "2022-06-14T11:56:20.325Z", "is_superuser": true, "username": "admin1", "first_name": "", "last_name": "", "email": "konst@gmail.com", "is_staff": true, "is_active": true, "date_joined": "2022-06-14T11:55:12.798Z", "groups": [], "user_permissions": []}}, {"model": "auth.user", "pk": 6, "fields": {"password": "pbkdf2_sha256$260000$f59SAikptBAAoNeuJsw34F$+4A6Y7QmOn1Rxt3gN8y7AQ/FrVP0kKnK/dDePn/thp4=", "last_login": null, "is_superuser": false, "username": "Konstan", "first_name": "", "last_name": "", "email": "konstrantz2@gmail.com", "is_staff": false, "is_active": true, "date_joined": "2022-06-14T12:08:29.433Z", "groups": [], "user_permissions": []}}, {"model": "auth.user", "pk": 7, "fields": {"password": "pbkdf2_sha256$260000$t7JyyCeEliEGW3H77E9nd8$h6WaFVkdH7tx1sKQhAZBFAQB+6+xJHWywryPFU5msdo=", "last_login": "2022-06-15T07:37:46.745Z", "is_superuser": true, "username": "admin02", "first_name": "", "last_name": "", "email": "", "is_staff": true, "is_active": true, "date_joined": "2022-06-15T07:10:33.754Z", "groups": [], "user_permissions": []}}, {"model": "auth.user", "pk": 8, "fields": {"password": "pbkdf2_sha256$260000$1EuwiEW9Avh6sTQWfONI6k$PHzjgCXoyUzKRc17QPv/T3Dr1g9qqFgzDZB/mbU+dv0=", "last_login": "2022-06-19T14:54:39.057Z", "is_superuser": true, "username": "cmk", "first_name": "", "last_name": "", "email": "", "is_staff": true, "is_active": true, "date_joined": "2022-06-19T14:54:28.069Z", "groups": [], "user_permissions": []}}, {"model": "auth.user", "pk": 9, "fields": {"password": "pbkdf2_sha256$260000$8inWvoUCYFNvjcSMQzWXOm$Pdmj3E7cwLtKNMHz5EC+QgnnxwvS3QKPaE/ExvTGhjg=", "last_login": "2022-06-19T14:57:19.127Z", "is_superuser": true, "username": "christine", "first_name": "", "last_name": "", "email": "", "is_staff": true, "is_active": true, "date_joined": "2022-06-19T14:56:42.176Z", "groups": [], "user_permissions": []}}, {"model": "contenttypes.contenttype", "pk": 1, "fields": {"app_label": "admin", "model": "logentry"}}, {"model": "contenttypes.contenttype", "pk": 2, "fields": {"app_label": "auth", "model": "permission"}}, {"model": "contenttypes.contenttype", "pk": 3, "fields": {"app_label": "auth", "model": "group"}}, {"model": "contenttypes.contenttype", "pk": 4, "fields": {"app_label": "auth", "model": "user"}}, {"model": "contenttypes.contenttype", "pk": 5, "fields": {"app_label": "contenttypes", "model": "contenttype"}}, {"model": "contenttypes.contenttype", "pk": 6, "fields": {"app_label": "sessions", "model": "session"}}, {"model": "contenttypes.contenttype", "pk": 7, "fields": {"app_label": "sites", "model": "site"}}, {"model": "contenttypes.contenttype", "pk": 8, "fields": {"app_label": "account", "model": "emailaddress"}}, {"model": "contenttypes.contenttype", "pk": 9, "fields": {"app_label": "account", "model": "emailconfirmation"}}, {"model": "contenttypes.contenttype", "pk": 10, "fields": {"app_label": "socialaccount", "model": "socialaccount"}}, {"model": "contenttypes.contenttype", "pk": 11, "fields": {"app_label": "socialaccount", "model": "socialapp"}}, {"model": "contenttypes.contenttype", "pk": 12, "fields": {"app_label": "socialaccount", "model": "socialtoken"}}, {"model": "contenttypes.contenttype", "pk": 13, "fields": {"app_label": "products", "model": "product"}}, {"model": "contenttypes.contenttype", "pk": 14, "fields": {"app_label": "products", "model": "category"}}, {"model": "contenttypes.contenttype", "pk": 15, "fields": {"app_label": "checkout", "model": "orderlineitem"}}, {"model": "contenttypes.contenttype", "pk": 16, "fields": {"app_label": "checkout", "model": "order"}}, {"model": "contenttypes.contenttype", "pk": 17, "fields": {"app_label": "profiles", "model": "userprofile"}}, {"model": "sessions.session", "pk": "45qx6uf189zdk0ubq91d6nd978dhylbk", "fields": {"session_data": "eyJiYWciOnt9fQ:1nuwk9:oC46la_aMJCX2G1BdxnJ71Y6CPkKYos4aZuGQH3ttu8", "expire_date": "2022-06-11T13:44:37.649Z"}}, {"model": "sessions.session", "pk": "4gkwq9a24b612oa6dob5c2fado37nyzx", "fields": {"session_data": ".eJx1jMsOgkAMRf-la0IYBjrC0r3fQNqZIugIhoeJIfy7jGGhiW7a9J7Tu0BF89RU8yhD1TooQUH0mTHZq3QBuAt15z62fTcNLcdBiXc6xqfeiT_u7ldBQ2OzfZNBk6Z5nnONWeKQSUQbpCzVKMwiRYGssqR2nBmy6IzVTpCLWh1yqfVWynSGcgEdxnhv7bPy8hAfzm7221YRNP0EZbquEeB_LWCV_OC31rs3X9cXxhhcfQ:1nuCEa:AaIQZoZlxcGXLgMhZTayfigPKpktytQo7nqppG_hakY", "expire_date": "2022-06-09T12:04:56.767Z"}}, {"model": "sessions.session", "pk": "7ezoxcnpeta9zgqeosn00eiizvzvupo5", "fields": {"session_data": "eyJiYWciOnsiMiI6MX19:1nzEmp:O7Jvdfr_3P758H_dgtKoeJvG6R2fF1krhInA7hbL_kE", "expire_date": "2022-06-23T09:49:07.305Z"}}, {"model": "sessions.session", "pk": "7gr5xj7cgoqpepiokdg7e9jyv2n5c2gu", "fields": {"session_data": ".eJxVjDsOwjAQBe_iGln-xXgp6TmDtbt2cADZUpxUiLuTSCmgfTNv3iLiupS49jzHKYmLAHH63Qj5mesO0gPrvUludZknkrsiD9rlraX8uh7uX6BgL9tbO6v8gMjgSWd2rMzolYOAoHjLeGYwYEayaNmRH5JmCCrg2RkTyInPF-aqN8g:1o2wMZ:95pBbM8wrPtfV-kCWmxrpi_oX0rrGxvOqALgHqJPrd0", "expire_date": "2022-07-03T14:57:19.131Z"}}, {"model": "sessions.session", "pk": "89we3af3inm69znscnqqk48k5gb5ykr6", "fields": {"session_data": "eyJiYWciOnsiMSI6eyJzcGljeV9sZXZlbCI6eyJob3QiOjJ9fX19:1nuWfX:xLXn4RcQiqfKRlFFfkof79TF3uOvruPWefm6YoTIFy0", "expire_date": "2022-06-10T09:54:07.886Z"}}, {"model": "sessions.session", "pk": "9opgocxvudmg6u89xb18yobdspx015tj", "fields": {"session_data": "eyJfbWVzc2FnZXMiOiJbW1wiX19qc29uX21lc3NhZ2VcIiwgMCwgNDAsIFwiVGhlcmUncyBub3RoaW5nIGluIHlvdXIgYmFnIGF0IHRoZSBtb21lbnRcIl1dIn0:1nzDuT:0FfAOmtqberOf-KchZepShhYJxZJQ7WE6mXe0baP9X4", "expire_date": "2022-06-23T08:52:57.170Z"}}, {"model": "sessions.session", "pk": "b555uk8123jjnpgxuwh9jgmyli31002r", "fields": {"session_data": ".eJxVjDsOwjAQBe_iGlmJP2tMSZ8zRLveNQ4gR4qTCnF3iJQC2jcz76VG3NYybk2WcWJ1Ub06_W6E6SF1B3zHept1muu6TKR3RR-06WFmeV4P9--gYCvfGgMEY7z3lMF1DIQiNgA6Y0GIRGIE6l2XmVzABBySZQGKuT97yVa9P-yGOJ4:1nsKWF:Pjkzot8Krrd38rb0bURNmiokxH7AxZOs8Sf4o8Oa228", "expire_date": "2022-06-04T08:31:27.160Z"}}, {"model": "sessions.session", "pk": "bha3d48qwl8u4jo41xol93gcjgo91dy0", "fields": {"session_data": ".eJxVjEEOgyAQRe_CuiHoMIIuu_cMZJCh2DaQiHbT9O7VxEW7_e_99xaOtjW5rfLi5iAGYcTld_M0PTgfINwp34qcSl6X2ctDkSetciyBn9fT_Qskqml_W4oYmwl1Q1oZ6EFxD7oDYwNybDWgV2g9BRO63oMCH8ko5FaxwRZ4j1Z6sZtzLGJYl40_X6ruPWg:1o29Ka:7zdYA-FO2Xc06G9HFQ0F1V8XHTUMRxp5tZuH0nnQX-0", "expire_date": "2022-07-01T10:36:00.113Z"}}, {"model": "sessions.session", "pk": "d7iwnlly8hgq9bay1eoc98p7lfb643xu", "fields": {"session_data": ".eJxVjDsOwjAQBe_iGlmJP2tMSZ8zRLveNQ4gR4qTCnF3iJQC2jcz76VG3NYybk2WcWJ1Ub06_W6E6SF1B3zHept1muu6TKR3RR-06WFmeV4P9--gYCvfGgMEY7z3lMF1DIQiNgA6Y0GIRGIE6l2XmVzABBySZQGKuT97yVa9P-yGOJ4:1nw6re:EeNFDzrXw-zNkw7csNyWPRhPSE01Gh-VN8f338hkKw4", "expire_date": "2022-06-14T18:45:10.278Z"}}, {"model": "sessions.session", "pk": "d8dxhfzscr28bs17cui9umhncb7i1bk8", "fields": {"session_data": "eyJfbWVzc2FnZXMiOiJbW1wiX19qc29uX21lc3NhZ2VcIiwgMCwgNDAsIFwiVGhlcmUncyBub3RoaW5nIGluIHlvdXIgYmFnIGF0IHRoZSBtb21lbnRcIl1dIn0:1nzE55:vvrnAh7xeHKC_voUvMYwWy4TRWArTuunH7CVEdiSgRo", "expire_date": "2022-06-23T09:03:55.600Z"}}, {"model": "sessions.session", "pk": "dq3xhgu300elqw1m44cxya2iarlna4es", "fields": {"session_data": ".eJxVTssKgzAQ_Jc9SzAm2WiOvfcbZDfZqG1R8HES_70KHtrLMMyL2aGlbe3bbZG5HRIE0FD8akzxLeNlpBeN3aTiNK7zwOqKqNtd1HNK8nnc2b-Bnpb-bJNHX1XOOc5oy4RMIsYj2cqgMIs0DbK2ZU5sPUVMPpokyE3WtZNszlGmDsIONQRdAEIwxXn24tWJx_EFbgE_fQ:1ntpWu:eQBw16IWz4utg3vIp88VWlexu8SH9qOfdk5lMk1LwgI", "expire_date": "2022-06-08T11:50:20.682Z"}}, {"model": "sessions.session", "pk": "faevqmzo3o4w65sx1mbrussgrxs71dwl", "fields": {"session_data": ".eJxVjMEKgzAQRP8l5xLUJJvaY-_9hrCbbNTWajFaKJJ_r4IXLwMzb2ZWQdiI2ypgl_Tp_M_1_OV-t--uD-JW5pwvwuEyt25JPLluC0UpThmhf_Gwg_DEoRmlH4d56kjuFXnQJB9j4P5-dE8HLaZ2W6MFW1XGGIqgiwCEzMoC6koBEzHXNVCpixhIW_QQrFeBgepYXg1HJfIfhqhFgA:1nx7ZH:1H_6VsS9FJ9nXc3BrveTSaunibrfAzHmL4txltaxslQ", "expire_date": "2022-06-17T13:42:23.458Z"}}, {"model": "sessions.session", "pk": "m9je0t4hyyepjxpo8kuxykd8y4jfsdv3", "fields": {"session_data": "eyJiYWciOnsiMSI6eyJzcGljeV9sZXZlbCI6eyJob3QiOjF9fX19:1nx6L4:wfepZyJ3WEwXtukJxhY7fM8byiB-Ym50XATYl9ozc4o", "expire_date": "2022-06-17T12:23:38.911Z"}}, {"model": "sessions.session", "pk": "njkxnpnow5tmixr8ximdo9bfaldpp50u", "fields": {"session_data": ".eJxVTEsOgyAQvcusjVFQqCy77xnIDAzV1kgjatKY3r2SuGjf6v13sLguvV0Tz3bwYKCG4tcjdE-ecuAfON1j6eK0zAOVuVKeaSpv0fN4Pbt_Bz2m_lijVlqItm0pqKbyipBZaoWNkIqJmLtOUd1UwVOj0SmvnfSsqAv1peUgj9OEG9thChHMMq9cAOEdzA4CTF2AzDS9Bve2I288ZtnHBYz4HPgCubVMVA:1o0QsA:D7j1eXIWbwqP4ZB2kybXAQAT_ngVqTmHeeZdudArOtE", "expire_date": "2022-06-26T16:55:34.200Z"}}, {"model": "sessions.session", "pk": "qmrgrmcbcvoe4lo5jx0s96v5b8mzqszc", "fields": {"session_data": ".eJxVjDsOwjAQBe_iGlmJP2tMSZ8zRLveNQ4gR4qTCnF3iJQC2jcz76VG3NYybk2WcWJ1Ub06_W6E6SF1B3zHept1muu6TKR3RR-06WFmeV4P9--gYCvfGgMEY7z3lMF1DIQiNgA6Y0GIRGIE6l2XmVzABBySZQGKuT97yVa9P-yGOJ4:1ntPoY:5ErsuwyOyppoplOioFYQ4nbZZCR_c0pT6CdkcwK_g_c", "expire_date": "2022-06-07T08:22:50.602Z"}}, {"model": "sessions.session", "pk": "r6gln1lbombkcr88cx3j0xxrq4v82q5z", "fields": {"session_data": ".eJxVTEsKgzAQvcusRczHpLrsvmeQmWRibEWL0UIR794G3Lh6_7cDYQ_tDhJaVYDKNL0H9-1G_vCYZZxXaMVxFHDLWECH2xq7LfHSDR5aEHDxCN2Lpxz4J079XLp5WpeBylwpzzSVj9nzeD-7l4OIKf7XaI2Vsq5rCkZX3hAyK2tQS2WYiLlpDAldBU_aojPeOuXZUBPEreag4PgBLy5HRA:1nvDj9:bm-WXN-KEF2Kzq46QhuY0M6lG29_t_P7UlSKWGI5Bio", "expire_date": "2022-06-12T07:52:43.518Z"}}, {"model": "sessions.session", "pk": "w0u5ansb63zoj2hxqtdoefju277r3qle", "fields": {"session_data": "eyJfbWVzc2FnZXMiOiJbW1wiX19qc29uX21lc3NhZ2VcIiwgMCwgNDAsIFwiVGhlcmUncyBub3RoaW5nIGluIHlvdXIgYmFnIGF0IHRoZSBtb21lbnRcIl1dIn0:1nzDhK:YNYiTCdF5VHXhxSgC6wmj-_6KlM_IumGrzBl2LBcMmQ", "expire_date": "2022-06-23T08:39:22.765Z"}}, {"model": "sessions.session", "pk": "we1qy9jk82gjh0al6cv7hto9aoujxjj9", "fields": {"session_data": "eyJiYWciOnsiMiI6MX19:1nx5Bd:wp5DK4GS0XcTo-63mM0zj1pJ61D1yO8SgLrtkZREMbM", "expire_date": "2022-06-17T11:09:49.245Z"}}, {"model": "sessions.session", "pk": "wlyy2r25y7yqxskcjpty4fnlem9rzc5u", "fields": {"session_data": ".eJxVjEEOwiAQRe_C2hCmRYa6dN8zkJkOSNVAUtqV8e7apAvd_vfef6lA25rD1uISZlEX5dXpd2OaHrHsQO5UblVPtazLzHpX9EGbHqvE5_Vw_w4ytfytEcBPScT5oXMxeiLGHsQIORu9QXQMFpBNB_4MAsAg7NAktGmQPqn3B-IzN6U:1o2wJz:cl7Sia6AO_LynoglHSHMUtWuWf2LfFW1CBkBmhGgk4Q", "expire_date": "2022-07-03T14:54:39.062Z"}}, {"model": "sessions.session", "pk": "xr8ir9bl7a1wlfc8ha6q6s62oiytj6xt", "fields": {"session_data": "eyJfbWVzc2FnZXMiOiJbW1wiX19qc29uX21lc3NhZ2VcIiwgMCwgNDAsIFwiVGhlcmUncyBub3RoaW5nIGluIHlvdXIgYmFnIGF0IHRoZSBtb21lbnRcIl1dIn0:1nzE3x:ea5gt-664hoj4wiylSOSlKZOce7R4rB-0SM9GZPJCFQ", "expire_date": "2022-06-23T09:02:45.884Z"}}, {"model": "sessions.session", "pk": "ytsvih87rklnzihpx4tl5d95u8r62kpc", "fields": {"session_data": "eyJfbWVzc2FnZXMiOiJbW1wiX19qc29uX21lc3NhZ2VcIiwgMCwgNDAsIFwiVGhlcmUncyBub3RoaW5nIGluIHlvdXIgYmFnIGF0IHRoZSBtb21lbnRcIl1dIn0:1o1OVg:3aKgtR_4j6mOGoEctveIa7jdgvm4hOaCbda6u4649HY", "expire_date": "2022-06-29T08:36:20.213Z"}}, {"model": "sessions.session", "pk": "zxkd0qmwax1env5d8t0wfxsmb142ntuh", "fields": {"session_data": "eyJiYWciOnsiMiI6MX19:1nx7S2:gCV9GSVXSKD6TH6gRRQ_QY6IbWtAZIVSk6E5Nv_z21w", "expire_date": "2022-06-17T13:34:54.322Z"}}, {"model": "sites.site", "pk": 1, "fields": {"domain": "example.com", "name": "example.com"}}, {"model": "account.emailaddress", "pk": 1, "fields": {"user": 1, "email": "konstrantz@gmail.com", "verified": false, "primary": false}}, {"model": "account.emailaddress", "pk": 3, "fields": {"user": 4, "email": "konst@gmail.com", "verified": true, "primary": true}}, {"model": "account.emailaddress", "pk": 4, "fields": {"user": 6, "email": "konstrantz2@gmail.com", "verified": true, "primary": true}}, {"model": "products.category", "pk": 1, "fields": {"name": "salads", "friendly_name": "Salads", "image": "salad-image.jpg"}}, {"model": "products.category", "pk": 2, "fields": {"name": "pasta", "friendly_name": "Pasta", "image": "pasta-category.jpg"}}, {"model": "products.category", "pk": 3, "fields": {"name": "fresh_soups", "friendly_name": "Soups", "image": "soup_Xbozobu.jpg"}}, {"model": "products.category", "pk": 4, "fields": {"name": "fresh_smoothies", "friendly_name": "Fresh smoothies", "image": "cucumber-smoothie_z7SsKQJ.jpg"}}, {"model": "products.product", "pk": 1, "fields": {"category": 1, "sku": "KST69784UTRE01", "name": "Lettuce salad", "description": "Lettuce Salad  with tomato, cucumber, dill, onion, olive oil, salt, pepper and one secret ingredient that makes this green salad THE BEST healthy summer salad.", "price": "9.00", "rating": "9.00", "image": "lettuce-salad.jpg", "calories": "590", "label": "False", "is_spicy": true}}, {"model": "products.product", "pk": 2, "fields": {"category": 1, "sku": "KST69784UTRE02", "name": "Egg tomato salad", "description": "If you love egg salad  this meal is for you. Our famous egg salad with cherry tomatoes and spring onions, chicken, croutons, lettuce.\r\nContains celery, mustard, soybeans.", "price": "7.50", "rating": "9.00", "image": "salad-image_1KrSVko.jpg", "calories": "600", "label": "N", "is_spicy": false}}, {"model": "products.product", "pk": 3, "fields": {"category": 2, "sku": "KST69784UTRE12", "name": "Chicken creamy pennes", "description": "A piping hot bowl of this creamy garlic penne can be on your table, ordered in as long as it takes to boil and cook the pasta. Contains garlic cream sauce, parmesan cheese,tiny amount of lemon juice and cooked chicken.", "price": "11.00", "rating": "9.00", "image": "creme-pennes.jpg", "calories": "1030", "label": "False", "is_spicy": true}}, {"model": "products.product", "pk": 4, "fields": {"category": 2, "sku": "KST69784UTRE11", "name": "Pesto Farfalle", "description": "If you love fresh basil pesto, you’ll LOVE our pesto farfalle dish. This delicious homemade pasta meal contains  cremini mushrooms, tomato, salted butter, minced garlic, black pepper, pesto, fresh basil\r\ngrated parmesan cheese.", "price": "12.00", "rating": "8.00", "image": "pesto-tortelini.jpg", "calories": "900", "label": "False", "is_spicy": false}}, {"model": "products.product", "pk": 5, "fields": {"category": 3, "sku": "KST69784UTRE17", "name": "Fresh seafood soup", "description": "Cod broken up into flakes mixed olive oil, celery, onions and carrots. Delicious fresh vegetables added an extra flavour of cherry tomatoes and zuccini. Sip straight as a nourishing hot drink or use in soups and stews.", "price": "13.99", "rating": "8.00", "image": "images_unsplash_com-photo-1560684352-8497838a2229.jpg", "calories": "800", "label": "False", "is_spicy": false}}, {"model": "products.product", "pk": 6, "fields": {"category": 3, "sku": "KST69784UTRE18", "name": "Indonesian Free-Range Chicken Soup", "description": "Fragrant and flavour-filled for a satisfying slurp thanks to silky rice noodles. Your healthy soup is made from free-range British chicken so it's high in protein and low in fat. With no added refined sugar, either!\r\nWater, Free-Range British Chicken Thigh (13%), Red Pepper (10%) Beansprouts (7%), Onion, Spinach (5%), Spring Onion, Garlic Purée, Vermicelli Noodles (1%) [Rice Flour, Water], Lemongrass, Galangal, Lemon Juice from Concentrate", "price": "9.99", "rating": "7.00", "image": "chicken_soup.jpg", "calories": "740", "label": "False", "is_spicy": true}}, {"model": "products.product", "pk": 7, "fields": {"category": 3, "sku": "KST69784UTRE19", "name": "Organic Miso and Ginger Broth", "description": "We've infused this organic broth with two types of gut-boosting miso, umami rich seaweed and warming ginger. Enjoy as a soothing mugful or use as a flavourful base for soup.\r\nMade by  Brown Rice Miso, White Miso (20%) (Water, Soya Beans, Rice, Sea Salt, Yeast, Koji Culture), Onion, Ginger (2%), Sea Spaghetti Seaweed, Black Peppercorns,  and Turmeric.", "price": "9.99", "rating": "9.00", "image": "soup.jpg", "calories": "520", "label": "False", "is_spicy": false}}, {"model": "products.product", "pk": 8, "fields": {"category": 1, "sku": "KST69784UTRE03", "name": "Caesar Salad with Chicken", "description": "A Caesar green salad of romaine lettuce and crispy croutons dressed with lemon juice, olive oil, egg, Worcestershire sauce, anchovies, garlic, Dijon mustard, Parmesan cheese, and black pepper with Grilled Chicken.", "price": "12.95", "rating": "9.00", "image": "ceasars_salad.jpg", "calories": "770", "label": "False", "is_spicy": false}}, {"model": "products.product", "pk": 9, "fields": {"category": 3, "sku": "KST69784UTRE20", "name": "Yellow Minestrone Soup", "description": "The lean, yellow, and super clean soup that's a veg-laden classic. High in fibre, high in protein and bursting with peas, edamame, butter beans and kale. It's low fat, plus there's no added refined sugars. It contains Edamame Beans, Green Pepper, Spring Onion, Butter Beans, Kale, Lemon Juice from Concentrate, Basil, Garlic  and Herbs de Provence [Marjoram, Parsley, Sage, Thyme].", "price": "9.99", "rating": "8.00", "image": "images_unsplash_com-photo-1604152135912-04a022e23696.jpg", "calories": "450", "label": "False", "is_spicy": true}}, {"model": "products.product", "pk": 10, "fields": {"category": 3, "sku": "KST69784UTRE16", "name": "Organic Miso Broth with Mushroom, Seaweed & Edamame", "description": "White miso, protein-packed edamame, and seaweed give a Japanese flair to this gut-beneficial blend, perfect for a light meal. Silvered spring onion and aromatic ginger add freshness to the broth.\r\nMiso Broth, Rice, Sea Salt, Yeast, Ginger. Edamame, Mushrooms, Spring Onion, Seaweed.", "price": "11.99", "rating": "8.00", "image": "images_unsplash_com-photo-1616501268826-ee9731c915d4_1.jpg", "calories": "590", "label": "False", "is_spicy": true}}, {"model": "products.product", "pk": 11, "fields": {"category": 3, "sku": "KST69784UTRE15", "name": "The Vegan Work From Home Bundle", "description": "If your home office is calling, put those veggies centre stage with a WFH bundle we’ve packed full of nourishing-but-quick options to power you through every day.\r\nLayers of rich aubergine, cinnamon-spiced lentils, lashings of coconut bechamel, and a sun-dried tomato sauce peppered with cannellini beans mqke the perfect soup.", "price": "11.99", "rating": "8.00", "image": "photo-1594756202469-9ff9799b2e4e_1.jpg", "calories": "590", "label": "False", "is_spicy": true}}, {"model": "products.product", "pk": 12, "fields": {"category": 1, "sku": "KST69784UTRE04", "name": "Cobb Salad", "description": "Cobb Salad is a classic main-dish Garden Salad typically made with chopped salad greens like iceberg lettuce, romaine lettuce, watercress, endives, tomatoes, chickpeas, crispy bacon and grilled chicken breast with pepers, avocado, chives, Roquefort cheese and a red-wine vinaigrette.", "price": "13.00", "rating": "9.00", "image": "avocado_salad.jpg", "calories": "680", "label": "False", "is_spicy": false}}, {"model": "products.product", "pk": 13, "fields": {"category": 1, "sku": "KST69784UTRE05", "name": "Greek Salad", "description": "If you love a good green salad – mixed greens, romaine, and kale are some of my favorite starting points for fresh, Greek salad.Sliced cucumbers, tomatoes, green bell pepper, red onion, olives, and feta cheese make the perfect healthy meal.", "price": "10.99", "rating": "9.00", "image": "images_unsplash_com-photo-1623855244183-52fd8d3ce2f7.jpg", "calories": "700", "label": "False", "is_spicy": false}}, {"model": "products.product", "pk": 14, "fields": {"category": 1, "sku": "KST69784UTRE06", "name": "Zucchini Fever Salad", "description": "This zucchini salad  is a feast for the eyes as well as the taste buds! I love the way the zucchini ribbons curl around the crunchy pine nuts, the tomato, onion, lettuce and fresh herbs,. Parmesan cheese gives it a salty bite, and a lemon vinaigrette fills it with bright flavor.", "price": "8.00", "rating": "8.00", "image": "images_unsplash_com-photo-1595786802424-d6efbc413db5.jpg", "calories": "535", "label": "False", "is_spicy": true}}, {"model": "products.product", "pk": 15, "fields": {"category": 2, "sku": "KST69784UTRE14", "name": "Lobster Italian Pasta", "description": "Big on both flavour and luxury, lobster tagliatelle is a favourite in many southern Italian coastal towns. Bring some sunshine into your table by ordering lobster pasta - a gorgeous take on a classic, containing only garlicf onion and chopped basil.", "price": "14.00", "rating": "9.00", "image": "images_unsplash_com-photo-1632389762435-8c53185e40ae.jpg", "calories": "890", "label": "False", "is_spicy": true}}, {"model": "products.product", "pk": 16, "fields": {"category": 2, "sku": "KST69784UTRE13", "name": "Black Olives Pasta", "description": "This flavorful pasta with olives is a terrific example of how pasta dish is totally delicious with just a handful of basic ingredients. All it contains is a few pantry staples, tomato sauce, parmesan cheece fresh, lemon zest and delicious black olives.", "price": "9.00", "rating": "8.00", "image": "images_unsplash_com-photo-1597131628347-c769fc631754.jpg", "calories": "860", "label": "False", "is_spicy": true}}, {"model": "products.product", "pk": 17, "fields": {"category": 4, "sku": "KST69784UTRE22", "name": "Straberry Passion", "description": "This Healthy Strawberry Smoothie recipe is sweet, creamy, and full of nutrition made out of fresh strawberries, Greek yogurt and low fat milk", "price": "6.99", "rating": "9.00", "image": "strawberry_smoothie.jpg", "calories": "180", "label": "False", "is_spicy": false}}, {"model": "products.product", "pk": 18, "fields": {"category": 4, "sku": "KST69784UTRE21", "name": "Strawberry Banana", "description": "The most popular smoothie that will always be a fave is the one that started it all … a classic strawberry banana smoothie! Only with 4 ingredients fresh strawberries and bananas, low fat milk and yogurt can make your day.", "price": "6.99", "rating": "8.00", "image": "strawberry_banana.jpg", "calories": "129", "label": "False", "is_spicy": false}}, {"model": "products.product", "pk": 19, "fields": {"category": 4, "sku": "KST69784UTRE24", "name": "Cucumber Paradise", "description": "This delicious cucumber smoothie is full of fruity, refreshing flavor with pineapple and banana! It’s a great healthy snack or breakfast. The Lime juice enhances the flavor making the perfect smoothie.", "price": "7.99", "rating": "10.00", "image": "cucumber-smoothie.jpg", "calories": "140", "label": "False", "is_spicy": false}}, {"model": "products.product", "pk": 20, "fields": {"category": 4, "sku": "KST69784UTRE23", "name": "Sunrise Smoothie", "description": "This healthy mango orange banana smoothie is made with just 5 ingredients and is perfect for breakfast or anytime of the day. It’s thick and creamy and sweetened with natural honey and sprinkle with cinnamon.", "price": "6.50", "rating": "8.00", "image": "smoothie-from-mango_346278-704.webp", "calories": "200", "label": "False", "is_spicy": false}}, {"model": "products.product", "pk": 21, "fields": {"category": 4, "sku": "KST69784UTRE25", "name": "Avocado Sky", "description": "Made with banana and coconut milk, this avocado smoothie is deliciously creamy without any dairy. A refreshing vegan smoothie ideal for breakfast or snack. Don’t worry – this avocado smoothie doesn’t taste at all like guacamole. Instead, it’s like a fresh lime sorbet. Thanks to the avocado and banana, Lime juice and zest, Coconut milk and Maple syrup", "price": "8.00", "rating": "9.00", "image": "avocado_smoothie.jpg", "calories": "210", "label": "False", "is_spicy": false}}, {"model": "products.product", "pk": 22, "fields": {"category": 2, "sku": "KST69784UTRE10", "name": "Spaghetti Bolognese", "description": "Our best ever spaghetti bolognese pasta is super  tasty and a true Italian classic with a meaty, chilli sauce. The Bolognese Sauce is rich, thick and has beautiful depth of flavour.", "price": "9.99", "rating": "8.00", "image": "bolognese-with-tomato-sauce-.jpg", "calories": "870", "label": "False", "is_spicy": true}}, {"model": "products.product", "pk": 23, "fields": {"category": 2, "sku": "KST69784UTRE09", "name": "Tomato Basil Sauce Pasta", "description": "A flavorful dish served with Parmesan cheece. Contains fresh chopped tomatoes, onion, olive oil, garlic, and basil and makes the perfect filling meal.", "price": "7.00", "rating": "9.00", "image": "com-plate-basil-cherry-gourmet-.jpg", "calories": "760", "label": "False", "is_spicy": true}}, {"model": "checkout.order", "pk": 1, "fields": {"order_number": "84525E7F742D425BB328D4B399F2E802", "user_profile": null, "full_name": "fkvmkfmv", "email": "konstrantz@gmail.com", "phone_number": "dsfsdfdsf", "country": "dfsdfds", "postcode": "dcvdsvsd", "town_or_city": "dfsdfsd", "street_address1": "dsfsdfdsf", "street_address2": "sdfdsfd", "county": "dfsdfds", "date": "2022-06-10T09:57:40.254Z", "delivery_cost": "0.00", "order_total": "0.00", "grand_total": "0.00", "original_bag": "", "stripe_pid": ""}}, {"model": "checkout.order", "pk": 2, "fields": {"order_number": "AED828E1589F4D9881C1C95A1B1CC274", "user_profile": null, "full_name": "fkvmkfmv", "email": "konstrantz@gmail.com", "phone_number": "dsfsdfdsf", "country": "dfsdfds", "postcode": "dcvdsvsd", "town_or_city": "dfsdfsd", "street_address1": "dsfsdfdsf", "street_address2": "sdfdsfd", "county": "dfsdfds", "date": "2022-06-10T10:08:01.101Z", "delivery_cost": "0.00", "order_total": "0.00", "grand_total": "0.00", "original_bag": "", "stripe_pid": ""}}, {"model": "checkout.order", "pk": 3, "fields": {"order_number": "55B416F7D7274FCFB2E77A6779F47765", "user_profile": null, "full_name": "fkvmkfmv", "email": "konstrantz@gmail.com", "phone_number": "dsfsdfdsf", "country": "dfsdfds", "postcode": "dcvdsvsd", "town_or_city": "dfsdfsd", "street_address1": "dsfsdfdsf", "street_address2": "sdfdsfd", "county": "dfsdfds", "date": "2022-06-10T10:09:59.381Z", "delivery_cost": "0.00", "order_total": "0.00", "grand_total": "0.00", "original_bag": "", "stripe_pid": ""}}, {"model": "checkout.order", "pk": 4, "fields": {"order_number": "C775CCBC91CE4D3FBE155527D680F389", "user_profile": null, "full_name": "fkvmkfmv", "email": "konstrantz@gmail.com", "phone_number": "dsfsdfdsf", "country": "dfsdfds", "postcode": "dcvdsvsd", "town_or_city": "dfsdfsd", "street_address1": "dsfsdfdsf", "street_address2": "sdfdsfd", "county": "dfsdfds", "date": "2022-06-10T10:14:59.422Z", "delivery_cost": "0.00", "order_total": "0.00", "grand_total": "0.00", "original_bag": "", "stripe_pid": ""}}, {"model": "checkout.order", "pk": 5, "fields": {"order_number": "BFF81E0004F14333B7686B541202CB48", "user_profile": null, "full_name": "fkvmkfmv", "email": "konstrantz@gmail.com", "phone_number": "dsfsdfdsf", "country": "dfsdfds", "postcode": "dcvdsvsd", "town_or_city": "dfsdfsd", "street_address1": "dsfsdfdsf", "street_address2": "sdfdsfd", "county": "dfsdfds", "date": "2022-06-10T10:46:11.109Z", "delivery_cost": "0.00", "order_total": "0.00", "grand_total": "0.00", "original_bag": "", "stripe_pid": ""}}, {"model": "checkout.order", "pk": 6, "fields": {"order_number": "9184B6EE062949989A49447B69A771BD", "user_profile": null, "full_name": "fkvmkfmv", "email": "konstrantz@gmail.com", "phone_number": "dsfsdfdsf", "country": "dfsdfds", "postcode": "dcvdsvsd", "town_or_city": "dfsdfsd", "street_address1": "dsfsdfdsf", "street_address2": "sdfdsfd", "county": "dfsdfds", "date": "2022-06-10T10:46:40.227Z", "delivery_cost": "0.00", "order_total": "0.00", "grand_total": "0.00", "original_bag": "", "stripe_pid": ""}}, {"model": "checkout.order", "pk": 7, "fields": {"order_number": "0C09D42B8C2F43069DBBA7766EF6CFFD", "user_profile": null, "full_name": "fkvmkfmv", "email": "konstrantz@gmail.com", "phone_number": "dsfsdfdsf", "country": "dfsdfds", "postcode": "dcvdsvsd", "town_or_city": "dfsdfsd", "street_address1": "dsfsdfdsf", "street_address2": "sdfdsfd", "county": "dfsdfds", "date": "2022-06-10T10:56:31.926Z", "delivery_cost": "0.00", "order_total": "0.00", "grand_total": "0.00", "original_bag": "", "stripe_pid": ""}}, {"model": "checkout.order", "pk": 8, "fields": {"order_number": "6135B8032E574932A481977F70D03B90", "user_profile": null, "full_name": "fkvmkfmv", "email": "konstrantz@gmail.com", "phone_number": "dsfsdfdsf", "country": "dfsdfds", "postcode": "dcvdsvsd", "town_or_city": "dfsdfsd", "street_address1": "dsfsdfdsf", "street_address2": "sdfdsfd", "county": "dfsdfds", "date": "2022-06-10T10:58:00.700Z", "delivery_cost": "0.00", "order_total": "0.00", "grand_total": "0.00", "original_bag": "", "stripe_pid": ""}}, {"model": "checkout.order", "pk": 9, "fields": {"order_number": "5A8999E0C1D94420B6A4ECB73C303265", "user_profile": null, "full_name": "fkvmkfmv", "email": "konstrantz@gmail.com", "phone_number": "dsfsdfdsf", "country": "dfsdfds", "postcode": "dcvdsvsd", "town_or_city": "dfsdfsd", "street_address1": "dsfsdfdsf", "street_address2": "sdfdsfd", "county": "dfsdfds", "date": "2022-06-10T10:58:39.286Z", "delivery_cost": "0.00", "order_total": "0.00", "grand_total": "0.00", "original_bag": "", "stripe_pid": ""}}, {"model": "checkout.order", "pk": 10, "fields": {"order_number": "88CBC04CEA49418CBA06D3E9ADEA55B9", "user_profile": null, "full_name": "fgdfg", "email": "konstantinakost@gmail.com", "phone_number": "ddfsdgs", "country": "gsgsg", "postcode": "dsgsd", "town_or_city": "dsfdsgdsg", "street_address1": "dssdgd", "street_address2": "dgsdg", "county": "sgsdgs", "date": "2022-06-10T11:13:26.634Z", "delivery_cost": "0.00", "order_total": "0.00", "grand_total": "0.00", "original_bag": "", "stripe_pid": ""}}, {"model": "checkout.order", "pk": 11, "fields": {"order_number": "3B35370DAFC04DFC963C851FF9014CBB", "user_profile": null, "full_name": "Konstantina", "email": "konst@gmail.com", "phone_number": "4546547", "country": "England", "postcode": "55131", "town_or_city": "London", "street_address1": "dfghgh", "street_address2": "dfdgdgh", "county": "dhdhh", "date": "2022-06-11T08:30:22.997Z", "delivery_cost": "0.00", "order_total": "0.00", "grand_total": "0.00", "original_bag": "", "stripe_pid": ""}}, {"model": "checkout.order", "pk": 12, "fields": {"order_number": "6BCA61C8814647788873B36FEF0A83EC", "user_profile": null, "full_name": "ntina", "email": "konstantinastran@gmail.com", "phone_number": "eet5y6y", "country": "thth", "postcode": "rthtrhr", "town_or_city": "hrhrh", "street_address1": "hrhrh", "street_address2": "rhrh", "county": "rhrhr", "date": "2022-06-11T13:27:57.792Z", "delivery_cost": "0.00", "order_total": "0.00", "grand_total": "0.00", "original_bag": "", "stripe_pid": ""}}, {"model": "checkout.order", "pk": 13, "fields": {"order_number": "D81535AB19544044B12071A663CD0C88", "user_profile": null, "full_name": "Ntinoula", "email": "ntinoula@gmail.com", "phone_number": "gerger", "country": "US", "postcode": "EWREW", "town_or_city": "egregreg", "street_address1": "yuhi", "street_address2": "fewfew", "county": "efwef", "date": "2022-06-11T16:44:55.652Z", "delivery_cost": "0.00", "order_total": "0.00", "grand_total": "0.00", "original_bag": "", "stripe_pid": ""}}, {"model": "checkout.order", "pk": 14, "fields": {"order_number": "BBED03A415C74F0B9CE7BCD65F8DD7E3", "user_profile": null, "full_name": "Ntinoula", "email": "ntinoula@gmail.com", "phone_number": "gerger", "country": "US", "postcode": "EWREW", "town_or_city": "egregreg", "street_address1": "yuhi", "street_address2": "fewfew", "county": "efwef", "date": "2022-06-11T16:47:03.266Z", "delivery_cost": "0.00", "order_total": "0.00", "grand_total": "0.00", "original_bag": "", "stripe_pid": ""}}, {"model": "checkout.order", "pk": 15, "fields": {"order_number": "92DF990A4DC84A38810FA3C04A0C9A49", "user_profile": null, "full_name": "Ntinoula", "email": "ntinoula@gmail.com", "phone_number": "gerger", "country": "US", "postcode": "EWREW", "town_or_city": "egregreg", "street_address1": "yuhi", "street_address2": "fewfew", "county": "efwef", "date": "2022-06-11T16:48:15.509Z", "delivery_cost": "0.00", "order_total": "0.00", "grand_total": "0.00", "original_bag": "", "stripe_pid": ""}}, {"model": "checkout.order", "pk": 16, "fields": {"order_number": "D4390436CBE6435CABD0C26DC1E74FBC", "user_profile": null, "full_name": "Ntinoula", "email": "ntinoula@gmail.com", "phone_number": "gerger", "country": "US", "postcode": "EWREW", "town_or_city": "egregreg", "street_address1": "yuhi", "street_address2": "fewfew", "county": "efwef", "date": "2022-06-11T16:48:35.600Z", "delivery_cost": "0.00", "order_total": "0.00", "grand_total": "0.00", "original_bag": "", "stripe_pid": ""}}, {"model": "checkout.order", "pk": 17, "fields": {"order_number": "A15B6BDC20444F78979E60919F5653AB", "user_profile": null, "full_name": "Din", "email": "konstrantz@gmail.com", "phone_number": "4353463", "country": "UK", "postcode": "43534", "town_or_city": "RGTRE", "street_address1": "GRGR", "street_address2": "GRGR", "county": "GFGER", "date": "2022-06-12T16:41:48.362Z", "delivery_cost": "0.00", "order_total": "0.00", "grand_total": "0.00", "original_bag": "", "stripe_pid": ""}}, {"model": "checkout.order", "pk": 18, "fields": {"order_number": "510BC370379C423B812AE3A6E1F897E3", "user_profile": null, "full_name": "Konstantina", "email": "konstantinastran@gmail.com", "phone_number": "retret", "country": "UK", "postcode": "grgrg", "town_or_city": "UK", "street_address1": "UK", "street_address2": "gege", "county": "grege", "date": "2022-06-13T08:02:22.786Z", "delivery_cost": "0.00", "order_total": "0.00", "grand_total": "0.00", "original_bag": "{\"2\": 2, \"7\": 2}", "stripe_pid": "pi_3LA8BzJrPkRuKcAs0QX49w0J"}}, {"model": "checkout.order", "pk": 19, "fields": {"order_number": "A8DFDBD1567949839658A684118C87B2", "user_profile": null, "full_name": "rtert", "email": "konstrantz@gmail.com", "phone_number": "dsfsdf", "country": "UK", "postcode": "fgdf", "town_or_city": "fgfgdg", "street_address1": "sggsg", "street_address2": "sgs", "county": "uk", "date": "2022-06-13T08:47:26.774Z", "delivery_cost": "0.00", "order_total": "0.00", "grand_total": "0.00", "original_bag": "{\"2\": 2}", "stripe_pid": "pi_3LA8ubJrPkRuKcAs08Z2aN5j"}}, {"model": "checkout.order", "pk": 20, "fields": {"order_number": "426CD6870DC040F68D52523072DBF9C9", "user_profile": null, "full_name": "gerter", "email": "konstantinastran@gmail.com", "phone_number": "556536", "country": "UK", "postcode": "5465", "town_or_city": "FDGDFG", "street_address1": "FGDFG", "street_address2": "FGDG", "county": "UK", "date": "2022-06-13T09:01:19.835Z", "delivery_cost": "0.00", "order_total": "0.00", "grand_total": "0.00", "original_bag": "{\"2\": 1, \"8\": 2}", "stripe_pid": "pi_3LA98CJrPkRuKcAs0jtDGUyL"}}, {"model": "checkout.order", "pk": 21, "fields": {"order_number": "17B7677E21CB4493A3F3936831ECE82E", "user_profile": null, "full_name": "dgdfghd", "email": "konstrantz@gmail.com", "phone_number": "fgdfgd", "country": "US", "postcode": "45356", "town_or_city": "bgbhgfh", "street_address1": "fdhdhd", "street_address2": "fdgdh", "county": "uk", "date": "2022-06-13T09:13:10.023Z", "delivery_cost": "0.00", "order_total": "0.00", "grand_total": "0.00", "original_bag": "{\"3\": {\"spicy_level\": {\"hot\": 3}}}", "stripe_pid": "pi_3LA9JkJrPkRuKcAs1tXapGyA"}}, {"model": "checkout.order", "pk": 22, "fields": {"order_number": "6D0B643A61944466ACFA92DEB9758018", "user_profile": null, "full_name": "hdhhd", "email": "konstrantz@gmail.com", "phone_number": "sdfsdfd", "country": "US", "postcode": "fgfdg", "town_or_city": "fgdgd", "street_address1": "fdgdsd", "street_address2": "sgsgs", "county": "us", "date": "2022-06-13T09:27:18.789Z", "delivery_cost": "0.00", "order_total": "0.00", "grand_total": "0.00", "original_bag": "{\"2\": 1}", "stripe_pid": "pi_3LA9XXJrPkRuKcAs0kvIT1dc"}}, {"model": "checkout.order", "pk": 23, "fields": {"order_number": "CD96221168AF44FD8373D523FD9FD10B", "user_profile": null, "full_name": "hdhhd", "email": "konstrantz@gmail.com", "phone_number": "sdfsdfd", "country": "US", "postcode": "fgfdg", "town_or_city": "fgdgd", "street_address1": "fdgdsd", "street_address2": "sgsgs", "county": "us", "date": "2022-06-13T09:27:23.848Z", "delivery_cost": "0.00", "order_total": "0.00", "grand_total": "0.00", "original_bag": "{\"2\": 1}", "stripe_pid": "pi_3LA9XXJrPkRuKcAs0kvIT1dc"}}, {"model": "checkout.order", "pk": 24, "fields": {"order_number": "CB43455F1F1446E39096FF259965CBB9", "user_profile": null, "full_name": "gerter", "email": "konstantinastran@gmail.com", "phone_number": "556536", "country": "UK", "postcode": "5465", "town_or_city": "FDGDFG", "street_address1": "FGDFG", "street_address2": "FGDG", "county": "UK", "date": "2022-06-13T10:01:06.696Z", "delivery_cost": "0.00", "order_total": "0.00", "grand_total": "0.00", "original_bag": "{\"2\": 1, \"8\": 2}", "stripe_pid": "pi_3LA98CJrPkRuKcAs0jtDGUyL"}}, {"model": "checkout.order", "pk": 25, "fields": {"order_number": "7366DA2B1A654474B03B194DB4617736", "user_profile": null, "full_name": "dgdfghd", "email": "konstrantz@gmail.com", "phone_number": "fgdfgd", "country": "US", "postcode": "45356", "town_or_city": "bgbhgfh", "street_address1": "fdhdhd", "street_address2": "fdgdh", "county": "uk", "date": "2022-06-13T10:14:19.862Z", "delivery_cost": "0.00", "order_total": "0.00", "grand_total": "0.00", "original_bag": "{\"3\": {\"spicy_level\": {\"hot\": 3}}}", "stripe_pid": "pi_3LA9JkJrPkRuKcAs1tXapGyA"}}, {"model": "checkout.order", "pk": 26, "fields": {"order_number": "30E7452B1CE94852AB4202AA5DC74214", "user_profile": null, "full_name": "Konstantina", "email": "konstrantz@gmail.com", "phone_number": "342234", "country": "AR", "postcode": "rt33435", "town_or_city": "us", "street_address1": "2434234", "street_address2": "23424", "county": "fregreg", "date": "2022-06-14T11:40:51.125Z", "delivery_cost": "0.00", "order_total": "0.00", "grand_total": "0.00", "original_bag": "{\"1\": {\"spicy_level\": {\"hot\": 1}}}", "stripe_pid": "pi_3LAY5BJrPkRuKcAs04lFiz3u"}}, {"model": "checkout.order", "pk": 27, "fields": {"order_number": "48B98FE67D084BE58AA0A3E3030CCC76", "user_profile": null, "full_name": "Konstantina", "email": "konstrantz@gmail.com", "phone_number": "342234", "country": "AR", "postcode": "rt33435", "town_or_city": "us", "street_address1": "2434234", "street_address2": "23424", "county": "fregreg", "date": "2022-06-14T11:40:56.018Z", "delivery_cost": "0.00", "order_total": "0.00", "grand_total": "0.00", "original_bag": "{\"1\": {\"spicy_level\": {\"hot\": 1}}}", "stripe_pid": "pi_3LAY5BJrPkRuKcAs04lFiz3u"}}, {"model": "checkout.order", "pk": 28, "fields": {"order_number": "774345AC31BB401C9D628F7310E020DA", "user_profile": null, "full_name": "Konstantina", "email": "Konstantinoulakistr@gmail.com", "phone_number": "4454", "country": "AO", "postcode": "gsgs", "town_or_city": "sgsg", "street_address1": "fsgsfgs", "street_address2": "sgsg", "county": "gsgs", "date": "2022-06-14T11:58:05.225Z", "delivery_cost": "0.00", "order_total": "0.00", "grand_total": "0.00", "original_bag": "{\"2\": 1}", "stripe_pid": "pi_3LAYN6JrPkRuKcAs18X6Z3I1"}}, {"model": "checkout.order", "pk": 29, "fields": {"order_number": "1CB41898FD7C47B0B6D482878157A620", "user_profile": null, "full_name": "Konstantina", "email": "Konstantinoulakistr@gmail.com", "phone_number": "4454", "country": "AO", "postcode": "gsgs", "town_or_city": "sgsg", "street_address1": "fsgsfgs", "street_address2": "sgsg", "county": "gsgs", "date": "2022-06-14T11:58:10.240Z", "delivery_cost": "0.00", "order_total": "0.00", "grand_total": "0.00", "original_bag": "{\"2\": 1}", "stripe_pid": "pi_3LAYN6JrPkRuKcAs18X6Z3I1"}}, {"model": "checkout.order", "pk": 30, "fields": {"order_number": "1BFF58A1D80D453A9CF2579369752DA1", "user_profile": null, "full_name": "Konstantina", "email": "konstrantz@gmail.com", "phone_number": "rtret", "country": "AU", "postcode": "ewtewtet", "town_or_city": "rwtwtwt", "street_address1": "rtretret", "street_address2": "rreter", "county": "ewtewtew", "date": "2022-06-15T07:13:18.768Z", "delivery_cost": "0.00", "order_total": "0.00", "grand_total": "0.00", "original_bag": "{\"1\": {\"spicy_level\": {\"hot\": 1}}}", "stripe_pid": "pi_3LAqOuJrPkRuKcAs0d4Xe5hh"}}, {"model": "checkout.order", "pk": 31, "fields": {"order_number": "77E916FE52224E1098CC2F5574DDC62F", "user_profile": null, "full_name": "Konstantina", "email": "konstrantz@gmail.com", "phone_number": "rtret", "country": "AU", "postcode": "ewtewtet", "town_or_city": "rwtwtwt", "street_address1": "rtretret", "street_address2": "rreter", "county": "ewtewtew", "date": "2022-06-15T07:13:23.665Z", "delivery_cost": "0.00", "order_total": "0.00", "grand_total": "0.00", "original_bag": "{\"1\": {\"spicy_level\": {\"hot\": 1}}}", "stripe_pid": "pi_3LAqOuJrPkRuKcAs0d4Xe5hh"}}, {"model": "checkout.order", "pk": 32, "fields": {"order_number": "1ACE9B46B3D245198A9D4DBC931C2BDE", "user_profile": 6, "full_name": "hfhf", "email": "ghdhd@gmail.com", "phone_number": "ererf", "country": "AQ", "postcode": "fwefwe", "town_or_city": "fewfew", "street_address1": "efewf", "street_address2": "fefewf", "county": "fewfewff", "date": "2022-06-15T07:38:56.967Z", "delivery_cost": "0.00", "order_total": "0.00", "grand_total": "0.00", "original_bag": "{\"2\": 1}", "stripe_pid": "pi_3LAqnrJrPkRuKcAs02x3nVET"}}, {"model": "checkout.order", "pk": 33, "fields": {"order_number": "B462DD10ED9040039651EAFA7B8FC5BF", "user_profile": null, "full_name": "hfhf", "email": "ghdhd@gmail.com", "phone_number": "ererf", "country": "AQ", "postcode": "fwefwe", "town_or_city": "fewfew", "street_address1": "efewf", "street_address2": "fefewf", "county": "fewfewff", "date": "2022-06-15T07:39:01.935Z", "delivery_cost": "0.00", "order_total": "0.00", "grand_total": "0.00", "original_bag": "{\"2\": 1}", "stripe_pid": "pi_3LAqnrJrPkRuKcAs02x3nVET"}}, {"model": "checkout.order", "pk": 34, "fields": {"order_number": "DDDE8EA945EF4F31AFFFE22FBD71B973", "user_profile": 6, "full_name": "Konstantina", "email": "konstrantz@gmail.com", "phone_number": "ererf", "country": "AQ", "postcode": "fwefwe", "town_or_city": "fewfew", "street_address1": "efewf", "street_address2": "fefewf", "county": "fewfewff", "date": "2022-06-15T08:36:53.852Z", "delivery_cost": "0.00", "order_total": "0.00", "grand_total": "0.00", "original_bag": "{\"7\": 1}", "stripe_pid": "pi_3LAri7JrPkRuKcAs18W81TH5"}}, {"model": "checkout.order", "pk": 35, "fields": {"order_number": "B91BA25708004071A212D7821B5061E3", "user_profile": 6, "full_name": "fghfg", "email": "konstrantz@gmail.com", "phone_number": "ererf", "country": "AQ", "postcode": "fwefwe", "town_or_city": "fewfew", "street_address1": "efewf", "street_address2": "fefewf", "county": "fewfewff", "date": "2022-06-15T09:42:57.454Z", "delivery_cost": "0.00", "order_total": "0.00", "grand_total": "0.00", "original_bag": "{\"7\": 1}", "stripe_pid": "pi_3LAsjiJrPkRuKcAs06LVtKKg"}}, {"model": "checkout.order", "pk": 36, "fields": {"order_number": "8B2359DBB8374A9090571D8B71504C60", "user_profile": 6, "full_name": "fghfg", "email": "konstrantz@gmail.com", "phone_number": "ererf", "country": "AQ", "postcode": "fwefwe", "town_or_city": "fewfew", "street_address1": "efewf", "street_address2": "fefewf", "county": "fewfewff", "date": "2022-06-15T09:43:02.352Z", "delivery_cost": "0.00", "order_total": "0.00", "grand_total": "0.00", "original_bag": "{\"7\": 1}", "stripe_pid": "pi_3LAsjiJrPkRuKcAs06LVtKKg"}}, {"model": "checkout.order", "pk": 37, "fields": {"order_number": "81C1FA0490E44E03A0190014AE6B464F", "user_profile": 6, "full_name": "fghfg", "email": "konstrantz@gmail.com", "phone_number": "ererf", "country": "AQ", "postcode": "fwefwe", "town_or_city": "fewfew", "street_address1": "efewf", "street_address2": "fefewf", "county": "fewfewff", "date": "2022-06-15T09:43:22.764Z", "delivery_cost": "0.00", "order_total": "0.00", "grand_total": "0.00", "original_bag": "{\"7\": 1}", "stripe_pid": "pi_3LAsjiJrPkRuKcAs06LVtKKg"}}, {"model": "checkout.order", "pk": 38, "fields": {"order_number": "2C0B878952D24B4DA687669306356B54", "user_profile": 6, "full_name": "fgdf", "email": "fggdg@gmail.com", "phone_number": "ererf", "country": "AQ", "postcode": "fwefwe", "town_or_city": "fewfew", "street_address1": "efewf", "street_address2": "fefewf", "county": "fewfewff", "date": "2022-06-15T09:53:36.878Z", "delivery_cost": "0.00", "order_total": "0.00", "grand_total": "0.00", "original_bag": "{\"6\": {\"spicy_level\": {\"hot\": 1}}}", "stripe_pid": "pi_3LAsuOJrPkRuKcAs0xmldDts"}}, {"model": "checkout.order", "pk": 39, "fields": {"order_number": "8FBD2EECFE0648AEA3F74E6B99037D66", "user_profile": 6, "full_name": "fgdf", "email": "fggdg@gmail.com", "phone_number": "ererf", "country": "AQ", "postcode": "fwefwe", "town_or_city": "fewfew", "street_address1": "efewf", "street_address2": "fefewf", "county": "fewfewff", "date": "2022-06-15T09:53:41.905Z", "delivery_cost": "0.00", "order_total": "0.00", "grand_total": "0.00", "original_bag": "{\"6\": {\"spicy_level\": {\"hot\": 1}}}", "stripe_pid": "pi_3LAsuOJrPkRuKcAs0xmldDts"}}, {"model": "checkout.order", "pk": 40, "fields": {"order_number": "B6A19B492F2E44A085DEEFD76064E762", "user_profile": 6, "full_name": "fgsfg", "email": "konstr@gmail.com", "phone_number": "ererf", "country": "AQ", "postcode": "fwefwe", "town_or_city": "fewfew", "street_address1": "efewf", "street_address2": "fefewf", "county": "fewfewff", "date": "2022-06-15T10:21:28.591Z", "delivery_cost": "0.00", "order_total": "0.00", "grand_total": "0.00", "original_bag": "{\"2\": 1}", "stripe_pid": "pi_3LAtLBJrPkRuKcAs0MZdlhGu"}}, {"model": "checkout.order", "pk": 41, "fields": {"order_number": "3EFA99140A4444E2AA7D4942EF27451A", "user_profile": 6, "full_name": "fgsfg", "email": "konstr@gmail.com", "phone_number": "ererf", "country": "AQ", "postcode": "fwefwe", "town_or_city": "fewfew", "street_address1": "efewf", "street_address2": "fefewf", "county": "fewfewff", "date": "2022-06-15T10:21:33.611Z", "delivery_cost": "0.00", "order_total": "0.00", "grand_total": "0.00", "original_bag": "{\"2\": 1}", "stripe_pid": "pi_3LAtLBJrPkRuKcAs0MZdlhGu"}}, {"model": "checkout.order", "pk": 42, "fields": {"order_number": "175A247A1DF14893B6BA731F1EC64041", "user_profile": 6, "full_name": "fghfg", "email": "konstrantz@gmail.com", "phone_number": "ererf", "country": "AQ", "postcode": "fwefwe", "town_or_city": "fewfew", "street_address1": "efewf", "street_address2": "fefewf", "county": "fewfewff", "date": "2022-06-15T10:44:07.256Z", "delivery_cost": "0.00", "order_total": "0.00", "grand_total": "0.00", "original_bag": "{\"7\": 1}", "stripe_pid": "pi_3LAsjiJrPkRuKcAs06LVtKKg"}}, {"model": "checkout.order", "pk": 43, "fields": {"order_number": "91379FAC6652431AB29156AF43C8AC52", "user_profile": 6, "full_name": "fgdf", "email": "fggdg@gmail.com", "phone_number": "ererf", "country": "AQ", "postcode": "fwefwe", "town_or_city": "fewfew", "street_address1": "efewf", "street_address2": "fefewf", "county": "fewfewff", "date": "2022-06-15T10:54:53.293Z", "delivery_cost": "0.00", "order_total": "0.00", "grand_total": "0.00", "original_bag": "{\"6\": {\"spicy_level\": {\"hot\": 1}}}", "stripe_pid": "pi_3LAsuOJrPkRuKcAs0xmldDts"}}, {"model": "checkout.order", "pk": 44, "fields": {"order_number": "1DE18F2CB9EB4B099D3805595E177D3C", "user_profile": 6, "full_name": "fgsfg", "email": "konstr@gmail.com", "phone_number": "ererf", "country": "AQ", "postcode": "fwefwe", "town_or_city": "fewfew", "street_address1": "efewf", "street_address2": "fefewf", "county": "fewfewff", "date": "2022-06-15T11:22:39.150Z", "delivery_cost": "0.00", "order_total": "0.00", "grand_total": "0.00", "original_bag": "{\"2\": 1}", "stripe_pid": "pi_3LAtLBJrPkRuKcAs0MZdlhGu"}}, {"model": "checkout.order", "pk": 45, "fields": {"order_number": "D2801C62EBF943FC88592C8CD7491EBE", "user_profile": 6, "full_name": "kon", "email": "konstra@gmail.com", "phone_number": "ererf", "country": "AQ", "postcode": "fwefwe", "town_or_city": "fewfew", "street_address1": "efewf", "street_address2": "fefewf", "county": "fewfewff", "date": "2022-06-16T08:18:42.658Z", "delivery_cost": "0.75", "order_total": "7.50", "grand_total": "8.25", "original_bag": "{\"2\": 1}", "stripe_pid": "pi_3LBDtQJrPkRuKcAs0sSk86mf"}}, {"model": "checkout.order", "pk": 46, "fields": {"order_number": "D65D5ED6B1F04BAEB422C19432AC829C", "user_profile": 6, "full_name": "Konstantina", "email": "konstrantz@gmail.com", "phone_number": "ererf", "country": "AQ", "postcode": "fwefwe", "town_or_city": "fewfew", "street_address1": "efewf", "street_address2": "fefewf", "county": "fewfewff", "date": "2022-06-16T09:37:26.542Z", "delivery_cost": "0.75", "order_total": "7.50", "grand_total": "8.25", "original_bag": "{\"2\": 1}", "stripe_pid": "pi_3LBF8AJrPkRuKcAs0TbeSsWu"}}, {"model": "checkout.orderlineitem", "pk": 1, "fields": {"order": 7, "product": 1, "spicy_level": null, "quantity": 1, "lineitem_total": "9.00"}}, {"model": "checkout.orderlineitem", "pk": 2, "fields": {"order": 9, "product": 1, "spicy_level": null, "quantity": 1, "lineitem_total": "9.00"}}, {"model": "checkout.orderlineitem", "pk": 3, "fields": {"order": 10, "product": 3, "spicy_level": "hot", "quantity": 1, "lineitem_total": "11.00"}}, {"model": "checkout.orderlineitem", "pk": 4, "fields": {"order": 11, "product": 6, "spicy_level": "hot", "quantity": 2, "lineitem_total": "19.98"}}, {"model": "checkout.orderlineitem", "pk": 5, "fields": {"order": 12, "product": 1, "spicy_level": "hot", "quantity": 1, "lineitem_total": "9.00"}}, {"model": "checkout.orderlineitem", "pk": 6, "fields": {"order": 16, "product": 1, "spicy_level": "hot", "quantity": 1, "lineitem_total": "9.00"}}, {"model": "checkout.orderlineitem", "pk": 7, "fields": {"order": 16, "product": 7, "spicy_level": null, "quantity": 2, "lineitem_total": "19.98"}}, {"model": "checkout.orderlineitem", "pk": 8, "fields": {"order": 17, "product": 1, "spicy_level": "hot", "quantity": 1, "lineitem_total": "9.00"}}, {"model": "checkout.orderlineitem", "pk": 9, "fields": {"order": 18, "product": 2, "spicy_level": null, "quantity": 2, "lineitem_total": "15.00"}}, {"model": "checkout.orderlineitem", "pk": 10, "fields": {"order": 18, "product": 7, "spicy_level": null, "quantity": 2, "lineitem_total": "19.98"}}, {"model": "checkout.orderlineitem", "pk": 11, "fields": {"order": 19, "product": 2, "spicy_level": null, "quantity": 2, "lineitem_total": "15.00"}}, {"model": "checkout.orderlineitem", "pk": 12, "fields": {"order": 20, "product": 2, "spicy_level": null, "quantity": 1, "lineitem_total": "7.50"}}, {"model": "checkout.orderlineitem", "pk": 13, "fields": {"order": 20, "product": 8, "spicy_level": null, "quantity": 2, "lineitem_total": "25.90"}}, {"model": "checkout.orderlineitem", "pk": 14, "fields": {"order": 21, "product": 3, "spicy_level": "hot", "quantity": 3, "lineitem_total": "33.00"}}, {"model": "checkout.orderlineitem", "pk": 15, "fields": {"order": 22, "product": 2, "spicy_level": null, "quantity": 1, "lineitem_total": "7.50"}}, {"model": "checkout.orderlineitem", "pk": 16, "fields": {"order": 23, "product": 2, "spicy_level": null, "quantity": 1, "lineitem_total": "7.50"}}, {"model": "checkout.orderlineitem", "pk": 17, "fields": {"order": 24, "product": 2, "spicy_level": null, "quantity": 1, "lineitem_total": "7.50"}}, {"model": "checkout.orderlineitem", "pk": 18, "fields": {"order": 24, "product": 8, "spicy_level": null, "quantity": 2, "lineitem_total": "25.90"}}, {"model": "checkout.orderlineitem", "pk": 19, "fields": {"order": 25, "product": 3, "spicy_level": "hot", "quantity": 3, "lineitem_total": "33.00"}}, {"model": "checkout.orderlineitem", "pk": 20, "fields": {"order": 26, "product": 1, "spicy_level": "hot", "quantity": 1, "lineitem_total": "9.00"}}, {"model": "checkout.orderlineitem", "pk": 21, "fields": {"order": 27, "product": 1, "spicy_level": "hot", "quantity": 1, "lineitem_total": "9.00"}}, {"model": "checkout.orderlineitem", "pk": 22, "fields": {"order": 28, "product": 2, "spicy_level": null, "quantity": 1, "lineitem_total": "7.50"}}, {"model": "checkout.orderlineitem", "pk": 23, "fields": {"order": 29, "product": 2, "spicy_level": null, "quantity": 1, "lineitem_total": "7.50"}}, {"model": "checkout.orderlineitem", "pk": 24, "fields": {"order": 30, "product": 1, "spicy_level": "hot", "quantity": 1, "lineitem_total": "9.00"}}, {"model": "checkout.orderlineitem", "pk": 25, "fields": {"order": 31, "product": 1, "spicy_level": "hot", "quantity": 1, "lineitem_total": "9.00"}}, {"model": "checkout.orderlineitem", "pk": 26, "fields": {"order": 32, "product": 2, "spicy_level": null, "quantity": 1, "lineitem_total": "7.50"}}, {"model": "checkout.orderlineitem", "pk": 27, "fields": {"order": 33, "product": 2, "spicy_level": null, "quantity": 1, "lineitem_total": "7.50"}}, {"model": "checkout.orderlineitem", "pk": 28, "fields": {"order": 34, "product": 7, "spicy_level": null, "quantity": 1, "lineitem_total": "9.99"}}, {"model": "checkout.orderlineitem", "pk": 29, "fields": {"order": 35, "product": 7, "spicy_level": null, "quantity": 1, "lineitem_total": "9.99"}}, {"model": "checkout.orderlineitem", "pk": 30, "fields": {"order": 36, "product": 7, "spicy_level": null, "quantity": 1, "lineitem_total": "9.99"}}, {"model": "checkout.orderlineitem", "pk": 31, "fields": {"order": 37, "product": 7, "spicy_level": null, "quantity": 1, "lineitem_total": "9.99"}}, {"model": "checkout.orderlineitem", "pk": 32, "fields": {"order": 38, "product": 6, "spicy_level": "hot", "quantity": 1, "lineitem_total": "9.99"}}, {"model": "checkout.orderlineitem", "pk": 33, "fields": {"order": 39, "product": 6, "spicy_level": "hot", "quantity": 1, "lineitem_total": "9.99"}}, {"model": "checkout.orderlineitem", "pk": 34, "fields": {"order": 40, "product": 2, "spicy_level": null, "quantity": 1, "lineitem_total": "7.50"}}, {"model": "checkout.orderlineitem", "pk": 35, "fields": {"order": 41, "product": 2, "spicy_level": null, "quantity": 1, "lineitem_total": "7.50"}}, {"model": "checkout.orderlineitem", "pk": 36, "fields": {"order": 42, "product": 7, "spicy_level": null, "quantity": 1, "lineitem_total": "9.99"}}, {"model": "checkout.orderlineitem", "pk": 37, "fields": {"order": 43, "product": 6, "spicy_level": "hot", "quantity": 1, "lineitem_total": "9.99"}}, {"model": "checkout.orderlineitem", "pk": 38, "fields": {"order": 44, "product": 2, "spicy_level": null, "quantity": 1, "lineitem_total": "7.50"}}, {"model": "checkout.orderlineitem", "pk": 39, "fields": {"order": 45, "product": 2, "spicy_level": null, "quantity": 1, "lineitem_total": "7.50"}}, {"model": "checkout.orderlineitem", "pk": 40, "fields": {"order": 46, "product": 2, "spicy_level": null, "quantity": 1, "lineitem_total": "7.50"}}, {"model": "profiles.userprofile", "pk": 2, "fields": {"user": 3, "default_phone_number": null, "default_country": null, "default_postcode": null, "default_town_or_city": null, "default_street_address1": null, "default_street_address2": null, "default_county": null}}, {"model": "profiles.userprofile", "pk": 3, "fields": {"user": 4, "default_phone_number": "345345", "default_country": "AI", "default_postcode": "4534", "default_town_or_city": "fgg", "default_street_address1": "ggfgfdg", "default_street_address2": "dfgdfg", "default_county": "gdfdgd"}}, {"model": "profiles.userprofile", "pk": 4, "fields": {"user": 5, "default_phone_number": null, "default_country": null, "default_postcode": null, "default_town_or_city": null, "default_street_address1": null, "default_street_address2": null, "default_county": null}}, {"model": "profiles.userprofile", "pk": 5, "fields": {"user": 6, "default_phone_number": null, "default_country": null, "default_postcode": null, "default_town_or_city": null, "default_street_address1": null, "default_street_address2": null, "default_county": null}}, {"model": "profiles.userprofile", "pk": 6, "fields": {"user": 7, "default_phone_number": "ererf", "default_country": "AQ", "default_postcode": "fwefwe", "default_town_or_city": "fewfew", "default_street_address1": "efewf", "default_street_address2": "fefewf", "default_county": "fewfewff"}}, {"model": "profiles.userprofile", "pk": 7, "fields": {"user": 8, "default_phone_number": null, "default_country": null, "default_postcode": null, "default_town_or_city": null, "default_street_address1": null, "default_street_address2": null, "default_county": null}}, {"model": "profiles.userprofile", "pk": 8, "fields": {"user": 9, "default_phone_number": null, "default_country": null, "default_postcode": null, "default_town_or_city": null, "default_street_address1": null, "default_street_address2": null, "default_county": null}}]